variant,method,weight_bits,eff_bpw,size_MB,WQL_ret,WQL_lo,WQL_hi,MASE_ret,worst_task_WQL,win_vs_fp32,QCR,cov80,MACE,parity_with_fp32
w4-gptq-g64,gptq,4.0,4.25,477.9,0.9962,0.9783,1.0185,1.0083,1.21,0.556,0.2237,0.7539,0.043,True
w8a16-rtn,rtn,8.0,8.0343,120.1,0.9994,0.997,1.0014,1.0008,1.012,0.407,0.1494,0.7492,0.0599,True
w8a16-rtn-fp32head,rtn,8.0,8.0344,131.0,0.9995,0.9983,1.0006,0.9998,1.006,0.519,0.0372,0.7507,0.0593,True
w4-gptaq-g64,gptaq,4.0,4.25,477.9,0.9998,0.987,1.0124,1.0076,1.068,0.444,0.2258,0.7445,0.0536,True
w8-gptq,gptq,8.0,8.125,477.9,0.9998,0.9904,1.0092,1.003,1.055,0.593,0.0641,0.7489,0.0616,True
w8-hqq,hqq,8.0,9.0,119.6,1.002,1.0001,1.0043,1.0003,1.03,0.481,0.0862,0.7459,0.0588,False
w4-gptq,gptq,4.0,4.125,477.9,1.0024,0.9846,1.0231,1.0113,1.202,0.37,0.2535,0.7557,0.0471,True
w8a16-torchao,torchao_int8wo,8.0,,477.9,1.0028,1.0003,1.0063,1.0017,1.042,0.37,0.1553,0.7477,0.0611,False
w8a16-rtn-pt,rtn,8.0,8.0,119.6,1.0065,1.0,1.0135,1.0105,1.06,0.37,0.2563,0.7085,0.0759,False
w8a8-torchao-dyn,torchao_int8dyn,8.0,,477.9,1.0126,1.0041,1.0244,1.004,1.123,0.296,0.1553,0.7412,0.0623,False
w8-bnb-int8,bnb_int8,8.0,,119.6,1.0127,1.0021,1.0306,1.0027,1.215,0.222,0.1469,0.7431,0.0622,False
w3-gptaq,gptaq,3.0,3.25,477.9,1.0162,0.9866,1.0499,1.0342,1.346,0.296,0.3794,0.7697,0.045,True
w4-hqq-fp32head,hqq,4.0,5.0,72.6,1.0203,0.986,1.0669,1.0163,1.484,0.407,0.0208,0.7514,0.0655,True
w4-bnb-nf4-fp32head,bnb_nf4,4.0,4.127,72.6,1.0452,0.9792,1.1224,1.0249,2.185,0.333,0.022,0.761,0.0651,True
w3-gptq,gptq,3.0,3.25,477.9,1.0468,0.9881,1.1367,1.0587,2.421,0.333,0.3662,0.7913,0.0473,True
w6-rtn-sim,rtn,6.0,,477.9,1.0599,1.0281,1.104,1.0452,1.563,0.185,0.3422,0.643,0.1073,False
w4-hqq,hqq,4.0,5.0,59.8,1.06,1.0167,1.1238,1.0265,1.88,0.259,0.4198,0.6302,0.1094,False
w4-bnb-nf4,bnb_nf4,4.0,4.127,59.9,1.0649,1.0007,1.1486,1.0256,2.496,0.222,0.3955,0.6864,0.08,False
bolt-base-w8a16-rtn,rtn,8.0,8.0327,227.4,1.0848,1.0214,1.1648,1.0478,2.148,0.259,0.0424,0.782,0.0471,False
bolt-base-fp32,,,,821.2,1.0851,1.0216,1.1649,1.048,2.145,0.259,0.0414,0.7823,0.047,False
w3-gptaq-a100,gptaq,3.0,3.25,477.9,1.0866,1.0514,1.1335,1.0876,1.585,0.148,0.4258,0.7371,0.0727,False
bolt-base-w4-gptq-g64,gptq,4.0,4.25,821.2,1.0867,1.0135,1.1755,1.0457,2.279,0.259,0.04,0.815,0.0365,False
bolt-base-w4-hqq,hqq,4.0,5.0,127.5,1.0868,1.0226,1.1681,1.0505,2.189,0.259,0.0415,0.7831,0.0455,False
bolt-small-w3-gptq,gptq,3.0,3.25,190.9,1.0898,1.0388,1.1544,1.0708,1.762,0.111,0.0351,0.8167,0.0424,False
bolt-small-w4-gptq-g64,gptq,4.0,4.25,190.9,1.0898,1.0414,1.1521,1.0707,1.768,0.111,0.0383,0.8105,0.0421,False
bolt-base-w3-gptq,gptq,3.0,3.25,821.2,1.0901,1.0185,1.1772,1.0472,2.245,0.222,0.0416,0.8153,0.035,False
bolt-small-w4-hqq,hqq,4.0,5.0,36.7,1.0981,1.0478,1.1662,1.0822,1.928,0.111,0.033,0.7744,0.0509,False
bolt-small-fp32,,,,190.9,1.1051,1.0532,1.1702,1.084,1.904,0.074,0.038,0.773,0.053,False
bolt-small-w8a16-rtn,rtn,8.0,8.0491,59.0,1.1054,1.0533,1.1708,1.084,1.906,0.074,0.0383,0.7727,0.0529,False
w3-hqq,hqq,3.0,4.201,47.9,1.2292,1.0911,1.4806,1.1426,8.244,0.111,0.5886,0.6662,0.121,False
w3-awq-rtn,awq_rtn,3.0,,477.9,1.5009,1.3133,1.77,1.4192,4.773,0.0,0.7991,0.4795,0.1923,False
w4-awq-rtn,awq_rtn,4.0,,477.9,1.6389,1.3772,2.0109,1.4088,6.713,0.0,0.5988,0.4814,0.236,False
w4-rtn-sim,rtn,4.0,,477.9,1.656,1.3838,2.0534,1.4035,6.994,0.0,0.6105,0.4666,0.2434,False
w3-rtn-sim,rtn,3.0,,477.9,1.6947,1.4665,2.0108,1.6152,5.961,0.0,0.7584,0.3671,0.2677,False
w2-gptaq,gptaq,2.0,2.25,477.9,1.9373,1.5673,2.4872,1.8165,9.397,0.0,0.8332,0.6416,0.1157,False
w2-gptq,gptq,2.0,2.25,477.9,2.1684,1.7394,2.7863,1.9724,8.791,0.0,0.8571,0.7185,0.0945,False
w2-rtn-sim,rtn,2.0,,477.9,4.0824,3.0826,5.5662,3.1077,31.489,0.0,0.5229,0.0601,0.4661,False
fp32 (ref),none,32.0,32.0,477.9,1.0,1.0,1.0,1.0,1.0,,0.0388,0.75,0.0594,True
