model_name,WQL_rel_before,WQL_rel_before_lower,WQL_rel_before_upper,MACE_before,cov80_before,QCR_before,WQL_rel_sorted,WQL_rel_sorted_lower,WQL_rel_sorted_upper,WQL_rel_sorted_samestage,MACE_sorted,cov80_sorted,QCR_sorted,n_tasks
chronos2-w4-gptq-g64,0.996160980702111,0.9792366803219534,1.01670784592632,0.04295274472400717,0.7538532017104741,0.2236993176741834,0.9945895796556589,0.977396934688306,1.015104376665492,0.9946057602900402,0.04150223791039561,0.7704140825128319,0.0,27
chronos2-w8a16-rtn,0.9993939135531613,0.9972366968655914,1.0014780397065834,0.05990166995748683,0.7492129279750586,0.1493720815644864,0.9989803506565083,0.996640390800333,1.0011015611001346,0.9989966027228266,0.0592817970501655,0.7547130866622934,0.0,27
chronos2-w8-gptq,0.9998419639099855,0.9909276562893522,1.0084823991891523,0.06155362926363738,0.7488990490725203,0.06414505495698991,0.9998036133610858,0.9908741518466142,1.0084249368648253,0.9998198788207808,0.06148526536712827,0.7496142944805195,0.0,27
chronos2-w4-gptaq-g64,0.999847957927855,0.9870755243276176,1.0121795336690134,0.05355646010843386,0.7445262550846281,0.22580464601617117,0.9982677355992567,0.9853982580693865,1.0108410982554097,0.9982839760722868,0.052664845551891465,0.7614024870870351,0.0,27
chronos2-fp32,1.0,1.0,1.0,0.05944031034507399,0.7499677983326516,0.03878997228764592,0.9999837316100234,0.9999643767860049,0.999996517852921,1.0,0.05940723127731404,0.7502312205083895,0.0,27
chronos2-w8-hqq,1.0019545392122593,1.0001812558998253,1.0044763596007797,0.05881140188407364,0.7459456309808128,0.08616446081654762,1.001901704281512,1.000154606310021,1.0044097509493222,1.0019180038743234,0.05856072253570543,0.7506511726827989,0.0,27
chronos2-w4-gptq,1.0024123512455314,0.9867125532085085,1.0214861871860321,0.047095873750092686,0.755672841353023,0.25351684302123184,1.0001744703027202,0.9845928644429063,1.0194879171118223,1.0001907417957587,0.046324684874120906,0.7724233253009365,0.0,27
chronos2-w8a16-torchao,1.0028057094985963,1.0003147090108824,1.0061698995475539,0.06111516856451929,0.7477089983576798,0.1553103804473771,1.0023838508408287,0.999908791794978,1.0057354512447239,1.0024001582775162,0.05844271556029623,0.7525762104957628,0.0,27
chronos2-w8a16-rtn-pt,1.0064841677995524,1.0006289789115934,1.013321181906175,0.07590844442428767,0.7084596349418703,0.25632560622608397,1.00202629680755,0.9943729766992523,1.0087740380870935,1.0020425984273145,0.06563049901976158,0.7350450798775341,0.0,27
chronos2-w8a8-torchao-dyn,1.0125693088263372,1.0042708155876703,1.023319022535859,0.06226774793234621,0.7412057318278373,0.15526278114061115,1.0121393133882803,1.00402798801166,1.0226383892057882,1.0121557795332188,0.057809341698195085,0.7466981521273438,0.0,27
chronos2-w8-bnb-int8,1.0127328670559232,1.0020731100164229,1.0294701002395397,0.06218630100912828,0.743111750587548,0.1469219579103253,1.0123519141678348,1.0018939965845017,1.0288629525509392,1.0123683837715018,0.059119209160664765,0.7495690570474695,0.0,27
chronos2-w3-gptaq,1.0162124848400242,0.9895653496319275,1.0463746198628485,0.044959056469335124,0.7696643298870521,0.3793673383086951,1.0107545644471265,0.9839622828036009,1.0409793969236223,1.0107710080640628,0.041449791429986844,0.7904627020806053,0.0,27
chronos2-w3-gptq,1.04677799553777,0.9940427984105805,1.127278761944316,0.04732631226246277,0.7912592513260895,0.366175876129637,1.0415183267318278,0.9888742221987006,1.121250680911636,1.0415352708337882,0.049782024514044336,0.8048887965257963,0.0,27
chronos2-w6-rtn-sim,1.0598762686043892,1.0282116653231352,1.099552330647837,0.10731140537602984,0.6429596999441962,0.3422030436748393,1.0512675822357538,1.0234591379401083,1.0866869776776709,1.0512846849449848,0.08770999477548459,0.6918783001814481,0.0,27
chronos2-w4-hqq,1.0599556366605893,1.0149825571128874,1.1202450503191506,0.10937004670210337,0.6302122734927621,0.41982804662304196,1.0442813016267682,1.0033409537224427,1.101103004392401,1.044298290678613,0.08116963009827585,0.7027420644137176,0.0,27
chronos2-w4-bnb-nf4,1.0648583274491354,1.001535601866098,1.151381676249225,0.07998010046911237,0.6864023008449679,0.39552064034104634,1.0557357316597338,0.9932193998687318,1.141257754154607,1.055752907059745,0.06703029236682331,0.7452967497749569,0.0,27
chronos2-w3-hqq,1.2291972726376166,1.0912404314508217,1.4656287104349346,0.12100227520134922,0.6662233115340845,0.5885718267709551,1.169918484731774,1.0514476568765552,1.37559891288247,1.1699375177315607,0.09111226704024836,0.7184643473250659,0.0,27
chronos2-w3-awq-rtn,1.5008974793722238,1.3102617189582775,1.7417518496791333,0.1922511973359557,0.4795130676963162,0.7991466610848431,1.4356145904302724,1.2700250175379761,1.6417146100668571,1.4356379459482422,0.16406069024372588,0.6052454164513572,0.0,27
chronos2-w4-awq-rtn,1.6389453849647064,1.3860701680359322,1.967151934047374,0.23604118969081286,0.4813971502259522,0.5988191629663075,1.589578863918884,1.3603448773452227,1.8915360118812192,1.5896047242284463,0.22296389248577364,0.5173991968578556,0.0,27
chronos2-w4-rtn-sim,1.65596301527673,1.3954543553580492,1.990758439188774,0.24341104567159158,0.4666165477558933,0.6105278137641788,1.605186319710247,1.3690200542416582,1.9090829424105629,1.6052124339321174,0.23273736407677378,0.4990325361645934,0.0,27
chronos2-w3-rtn-sim,1.6947005303253218,1.4650640309280594,1.976303092936809,0.267667509239716,0.3671105810851073,0.7584434076334747,1.6445494359252206,1.439367546953931,1.8964192255886743,1.6445761905320342,0.2602630082515996,0.4608778557811252,0.0,27
chronos2-w2-rtn-sim,4.082360107425404,3.1272757530628152,5.312562966478732,0.46610204303650166,0.06014801157870303,0.5228597403416931,4.078056273033047,3.123903267961302,5.306738482414136,4.078122617522162,0.4646368786273014,0.061776136930235016,0.0,27
