module,family,in_features,out_features,n_calib_rows,bits,trace_H,weight_fro_sq,delta_fro_sq,exact_mse,rel_recon_err,hawq_proxy
output_patch_embedding.output_layer,head,3072,336,512,4,42.95323944091797,2956.12548828125,87.44998168945312,8.29796028137207,7.831554437017485,1.2227408862665925
encoder.block.10.layer.2.mlp.wi,ffn,768,3072,8832,4,475.1532287597656,305.272216796875,8.823003768920898,5.490357875823975,0.006776179246331234,5.458696260628054
output_patch_embedding.hidden_layer,head,768,3072,512,4,101.08688354492188,377.3501281738281,17.4273681640625,4.694868564605713,0.006068458903896148,2.293852000123782
encoder.block.9.layer.2.mlp.wi,ffn,768,3072,8832,4,398.6554260253906,310.636962890625,8.681370735168457,4.5555925369262695,0.007759120449241832,4.50634837098039
encoder.block.11.layer.2.mlp.wi,ffn,768,3072,8832,4,77.44480895996094,346.4251708984375,15.469507217407227,4.031661033630371,0.009539645705910987,1.559938842652135
encoder.block.8.layer.2.mlp.wi,ffn,768,3072,8832,4,296.3648681640625,301.9512939453125,7.9120073318481445,2.962064266204834,0.007671398677680307,3.05317839819827
encoder.block.7.layer.2.mlp.wi,ffn,768,3072,8832,4,297.1211853027344,292.5706787109375,7.373497486114502,2.7974119186401367,0.007968794566910796,2.852633219923272
output_patch_embedding.residual_layer,head,768,336,512,4,101.08688354492188,43.40656280517578,2.3933725357055664,1.360980749130249,0.003986544943345648,0.31502418072458716
encoder.block.11.layer.0.self_attention.v,time_attn,768,768,8832,4,310.29132080078125,83.07765197753906,2.8290042877197266,1.1475564241409302,0.013735498737014573,1.1429889023276396
encoder.block.6.layer.2.mlp.wi,ffn,768,3072,8832,4,125.74789428710938,271.4343566894531,6.827026844024658,1.091718077659607,0.005998249317171186,1.1178180336948835
encoder.block.5.layer.2.mlp.wi,ffn,768,3072,8832,4,154.16815185546875,200.59947204589844,4.966122150421143,0.9730456471443176,0.006173112088108407,0.9968982732017366
encoder.block.10.layer.0.self_attention.v,time_attn,768,768,8832,4,325.4970703125,74.54035949707031,2.2355616092681885,0.9541431665420532,0.01800747996122375,0.9474853571873609
encoder.block.11.layer.0.self_attention.k,time_attn,768,768,8832,4,310.29132080078125,87.73005676269531,2.366507053375244,0.9505151510238647,0.013600918359504596,0.9561283844741789
encoder.block.8.layer.0.self_attention.k,time_attn,768,768,8832,4,334.1552734375,78.9352798461914,1.954709529876709,0.8352158069610596,0.010040548562660448,0.8504902310505713
encoder.block.8.layer.0.self_attention.q,time_attn,768,768,8832,4,334.1552734375,80.29305267333984,1.869784951210022,0.8200163841247559,0.008197115688944403,0.8135397156782649
encoder.block.10.layer.0.self_attention.k,time_attn,768,768,8832,4,325.4970703125,77.60160064697266,1.936712622642517,0.8107989430427551,0.007981792919329942,0.8208258915460647
encoder.block.11.layer.0.self_attention.q,time_attn,768,768,8832,4,310.29132080078125,82.03741455078125,1.9876517057418823,0.8051643967628479,0.013351723733791183,0.8030612930554355
encoder.block.6.layer.0.self_attention.k,time_attn,768,768,8832,4,287.1754150390625,77.2848892211914,2.0951242446899414,0.7846500277519226,0.006983996527852759,0.7834221022490055
encoder.block.10.layer.0.self_attention.q,time_attn,768,768,8832,4,325.4970703125,75.08831787109375,1.7529528141021729,0.7446042895317078,0.007588845570712495,0.7429440174300908
encoder.block.8.layer.0.self_attention.v,time_attn,768,768,8832,4,334.1552734375,60.836219787597656,1.6833794116973877,0.7422123551368713,0.01687703550304173,0.7324350359567688
encoder.block.6.layer.0.self_attention.q,time_attn,768,768,8832,4,287.1754150390625,77.6711654663086,1.916229486465454,0.7230719327926636,0.0064170705075860986,0.7165286433408937
encoder.block.9.layer.0.self_attention.k,time_attn,768,768,8832,4,244.71405029296875,81.32270812988281,2.157749891281128,0.7128617763519287,0.005823397014565563,0.6875412961127836
encoder.block.4.layer.2.mlp.wi,ffn,768,3072,8832,4,101.46357727050781,195.9238739013672,4.711989402770996,0.6332319974899292,0.0035477156225355365,0.6225199230024334
encoder.block.9.layer.0.self_attention.q,time_attn,768,768,8832,4,244.71405029296875,77.56329345703125,1.7629423141479492,0.5626932382583618,0.0048300133456251355,0.5617405652708385
encoder.block.9.layer.0.self_attention.v,time_attn,768,768,8832,4,244.71405029296875,65.69963073730469,1.771526575088501,0.5456745624542236,0.017131251060633443,0.5644758377493986
encoder.block.10.layer.1.self_attention.k,group_attn,768,768,8832,4,134.6829833984375,103.36491394042969,2.8297929763793945,0.5201090574264526,0.019626550640149856,0.4962564589306263
encoder.block.6.layer.0.self_attention.v,time_attn,768,768,8832,4,287.1754150390625,50.72241973876953,1.358033537864685,0.5040658712387085,0.013681927958410568,0.5078044855120538
encoder.block.3.layer.2.mlp.wi,ffn,768,3072,8832,4,78.16276550292969,193.01278686523438,4.427387237548828,0.452144980430603,0.0027924660737562727,0.4505948313010322
encoder.block.7.layer.0.self_attention.k,time_attn,768,768,8832,4,152.30459594726562,88.08218383789062,2.2831759452819824,0.45123758912086487,0.003937267018963778,0.4527841013316257
encoder.block.10.layer.1.self_attention.q,group_attn,768,768,8832,4,134.6829833984375,96.1126708984375,2.57118558883667,0.45091623067855835,0.01442213472207022,0.45090487757238407
encoder.block.5.layer.0.self_attention.k,time_attn,768,768,8832,4,164.79408264160156,79.6476058959961,1.9129459857940674,0.41222405433654785,0.0018433719590231319,0.4104715870727441
encoder.block.5.layer.0.self_attention.q,time_attn,768,768,8832,4,164.79408264160156,77.709228515625,1.839691162109375,0.40855300426483154,0.0020765319543237775,0.39475288724437024
encoder.block.7.layer.0.self_attention.q,time_attn,768,768,8832,4,152.30459594726562,85.51456451416016,1.9811266660690308,0.39131349325180054,0.00414263505621123,0.39288371926562127
input_patch_embedding.hidden_layer,patch_embed,48,3072,8704,4,24.988422393798828,20.2376708984375,0.2770010530948639,0.3864573836326599,0.012860021062599748,0.14420456913044905
encoder.block.2.layer.2.mlp.wi,ffn,768,3072,8832,4,50.22172164916992,236.64540100097656,5.510046482086182,0.3754899799823761,0.002601817957952727,0.36031773528296895
encoder.block.4.layer.0.self_attention.k,time_attn,768,768,8832,4,125.62274169921875,88.33609008789062,2.1237845420837402,0.35069048404693604,0.0019887284379965795,0.34739015228512926
encoder.block.4.layer.0.self_attention.q,time_attn,768,768,8832,4,125.62274169921875,87.14485168457031,2.0965168476104736,0.3411320149898529,0.0022607774185436427,0.3429299406450923
encoder.block.8.layer.1.self_attention.k,group_attn,768,768,8832,4,76.77350616455078,118.9625244140625,3.264721393585205,0.3280320465564728,0.014002802919461394,0.3263595156718158
encoder.block.1.layer.2.mlp.wi,ffn,768,3072,8832,4,43.67170715332031,232.08164978027344,5.643998622894287,0.32074224948883057,0.002054035974517645,0.3209414779072688
encoder.block.11.layer.0.self_attention.o,time_attn,768,768,8832,4,48.72167205810547,145.26901245117188,4.442955017089844,0.3114221692085266,0.0006859283996542491,0.28185963191610125
encoder.block.7.layer.0.self_attention.v,time_attn,768,768,8832,4,152.30459594726562,57.734657287597656,1.521098256111145,0.2976713180541992,0.015861769036145387,0.30165397824622175
encoder.block.8.layer.1.self_attention.q,group_attn,768,768,8832,4,76.77350616455078,112.15286254882812,2.9542012214660645,0.2968091070652008,0.010381951611812091,0.2953182105306619
encoder.block.11.layer.2.mlp.wo,ffn,3072,768,8832,4,9.276384353637695,494.95660400390625,52.84295654296875,0.27241531014442444,0.018160069297339057,0.15956757007654687
encoder.block.5.layer.0.self_attention.v,time_attn,768,768,8832,4,164.79408264160156,52.678977966308594,1.2742820978164673,0.2689320147037506,0.012698535028052486,0.27342988194828166
encoder.block.10.layer.1.self_attention.v,group_attn,768,768,8832,4,134.6829833984375,40.911163330078125,1.3962608575820923,0.2521197497844696,0.04740110005374534,0.24486012747606384
encoder.block.3.layer.0.self_attention.q,time_attn,768,768,8832,4,90.4017562866211,88.09135437011719,2.140369176864624,0.25070327520370483,0.001362624924052529,0.2519441831905098
encoder.block.3.layer.0.self_attention.k,time_attn,768,768,8832,4,90.4017562866211,90.75857543945312,2.0590922832489014,0.2504292130470276,0.0012471915352022973,0.24237702963792884
encoder.block.9.layer.1.self_attention.k,group_attn,768,768,8832,4,45.99073028564453,125.38532257080078,3.6128461360931396,0.22031474113464355,0.016361966611117922,0.2163508231882716
encoder.block.2.layer.0.self_attention.k,time_attn,768,768,8832,4,72.18861389160156,95.01830291748047,2.2966818809509277,0.2099340707063675,0.0009676401972756387,0.21587797074974446
encoder.block.2.layer.0.self_attention.q,time_attn,768,768,8832,4,72.18861389160156,88.83358764648438,2.203601598739624,0.20398969948291779,0.001047091618697929,0.20712883461240966
encoder.block.4.layer.0.self_attention.v,time_attn,768,768,8832,4,125.62274169921875,48.925315856933594,1.2285327911376953,0.20259815454483032,0.011531750186080405,0.20095267902358196
encoder.block.9.layer.1.self_attention.q,group_attn,768,768,8832,4,45.99073028564453,116.0802993774414,3.014744997024536,0.18054495751857758,0.006882889309395539,0.18053427609134332
encoder.block.0.layer.2.mlp.wi,ffn,768,3072,8832,4,22.433979034423828,205.68382263183594,5.777797698974609,0.1787133812904358,0.0055346151044914855,0.16877472974471175
encoder.block.3.layer.0.self_attention.v,time_attn,768,768,8832,4,90.4017562866211,49.285552978515625,1.2711759805679321,0.15110136568546295,0.011076481967478999,0.14963091301133957
encoder.block.9.layer.2.mlp.wo,ffn,3072,768,8832,4,7.295120716094971,419.93896484375,45.54731750488281,0.14892345666885376,0.06990194840845917,0.10816184228269066
encoder.block.10.layer.2.mlp.wo,ffn,3072,768,8832,4,8.79442310333252,424.8397216796875,47.06896209716797,0.14325231313705444,0.06032838521969811,0.13474751553294811
encoder.block.1.layer.0.self_attention.q,time_attn,768,768,8832,4,40.024505615234375,92.93148040771484,2.380432367324829,0.13113178312778473,0.0011020387604047247,0.12405680814150817
encoder.block.11.layer.1.self_attention.k,group_attn,768,768,8832,4,27.83123779296875,107.71046447753906,3.270841121673584,0.12584753334522247,0.007567993038412579,0.11853067322958091
encoder.block.1.layer.0.self_attention.k,time_attn,768,768,8832,4,40.024505615234375,100.21028900146484,2.3382909297943115,0.12428174167871475,0.0009093840465564354,0.12186059693958858
encoder.block.0.layer.0.self_attention.q,time_attn,768,768,8832,4,30.68222427368164,103.1436996459961,2.6404380798339844,0.12011692672967911,0.0009725529818482636,0.10548764758624429
encoder.block.0.layer.0.self_attention.k,time_attn,768,768,8832,4,30.68222427368164,115.04204559326172,2.637101888656616,0.11306339502334595,0.0006453795501832302,0.10535436403686423
encoder.block.8.layer.1.self_attention.v,group_attn,768,768,8832,4,76.77350616455078,30.38679313659668,0.9856776595115662,0.09960821270942688,0.049553209724826505,0.09853376284996251
encoder.block.2.layer.0.self_attention.v,time_attn,768,768,8832,4,72.18861389160156,41.68907165527344,1.0501295328140259,0.09533309191465378,0.009202484331039432,0.09870754606833287
encoder.block.7.layer.1.self_attention.q,group_attn,768,768,8832,4,11.418767929077148,221.2548828125,5.801901340484619,0.09492114186286926,0.0022826257051387546,0.08626375645103579
encoder.block.11.layer.1.self_attention.q,group_attn,768,768,8832,4,27.83123779296875,93.08756256103516,2.3305039405822754,0.08784670382738113,0.00766767399426335,0.08445417883827606
encoder.block.11.layer.1.self_attention.v,group_attn,768,768,8832,4,27.83123779296875,48.193565368652344,1.8800467252731323,0.08614940196275711,0.039375052101523464,0.06813024410542803
encoder.block.9.layer.1.self_attention.v,group_attn,768,768,8832,4,45.99073028564453,40.777626037597656,1.1712470054626465,0.07142887264490128,0.03809143185517764,0.0701386785496112
encoder.block.7.layer.1.self_attention.k,group_attn,768,768,8832,4,11.418767929077148,145.4161376953125,4.202037811279297,0.06541676819324493,0.013590517316531507,0.062476685672142665
encoder.block.6.layer.1.self_attention.q,group_attn,768,768,8832,4,7.088545799255371,206.85458374023438,5.910818099975586,0.05764199048280716,0.0022313873190712894,0.05455612605826114
encoder.block.3.layer.1.self_attention.q,group_attn,768,768,8832,4,5.931734561920166,195.8284149169922,6.235301494598389,0.05419816076755524,0.0033132955238970975,0.048159053879559544
encoder.block.6.layer.1.self_attention.k,group_attn,768,768,8832,4,7.088545799255371,167.86801147460938,5.183111190795898,0.05063534528017044,0.010826423936048357,0.04783948054503877
encoder.block.1.layer.0.self_attention.v,time_attn,768,768,8832,4,40.024505615234375,35.15098571777344,0.9295490980148315,0.04897170513868332,0.008060714923141874,0.048443675902513895
encoder.block.3.layer.1.self_attention.k,group_attn,768,768,8832,4,5.931734561920166,173.9084014892578,5.340699672698975,0.04667540267109871,0.006596540677945085,0.04124949587680238
encoder.block.4.layer.1.self_attention.q,group_attn,768,768,8832,4,4.4800591468811035,213.03799438476562,6.645048141479492,0.046515412628650665,0.0027233486361689244,0.038763292588151664
encoder.block.1.layer.1.self_attention.q,group_attn,768,768,8832,4,1.5952906608581543,506.857421875,9.45236873626709,0.04615278169512749,0.00030285500909684604,0.019634473395774066
encoder.block.2.layer.1.self_attention.q,group_attn,768,768,8832,4,4.243678569793701,240.09341430664062,6.24744176864624,0.04241034388542175,0.001729521843004475,0.03452100878859129
encoder.block.0.layer.2.mlp.wo,ffn,3072,768,8832,4,2.0210049152374268,198.76254272460938,12.68216323852539,0.04236059635877609,0.002149895167434921,0.008343331458627349
encoder.block.10.layer.0.self_attention.o,time_attn,768,768,8832,4,12.947248458862305,91.90480041503906,2.274665355682373,0.04018642008304596,0.012751837037341895,0.03834721031352354
encoder.block.0.layer.1.self_attention.q,group_attn,768,768,8832,4,0.8727953433990479,1130.86669921875,20.69424057006836,0.03489213064312935,0.00015566005139914396,0.02351801667283245
encoder.block.4.layer.1.self_attention.k,group_attn,768,768,8832,4,4.4800591468811035,168.58868408203125,4.939929485321045,0.03208184987306595,0.006297214414202094,0.02881663577559923
encoder.block.2.layer.1.self_attention.k,group_attn,768,768,8832,4,4.243678569793701,149.580810546875,5.128884315490723,0.03100583143532276,0.006587680892532077,0.02834028184452997
encoder.block.0.layer.0.self_attention.v,time_attn,768,768,8832,4,30.68222427368164,21.579723358154297,0.6451994180679321,0.027171464636921883,0.007858513093673795,0.025776241206261947
encoder.block.8.layer.2.mlp.wo,ffn,3072,768,8832,4,4.025440216064453,370.436279296875,18.64787483215332,0.025272134691476822,0.035988182058774,0.024435516046056684
encoder.block.3.layer.2.mlp.wo,ffn,3072,768,8832,4,2.6432347297668457,175.4885711669922,12.456663131713867,0.02391604334115982,0.004039872133942911,0.010718061395427192
encoder.block.2.layer.2.mlp.wo,ffn,3072,768,8832,4,1.9168082475662231,226.00424194335938,13.757604598999023,0.02193273790180683,0.002457182023313596,0.008584208972043076
encoder.block.1.layer.2.mlp.wo,ffn,3072,768,8832,4,2.2292284965515137,201.42306518554688,10.886872291564941,0.01845596358180046,0.0020426113775811445,0.007900171207901579
encoder.block.0.layer.1.self_attention.k,group_attn,768,768,8832,4,0.8727953433990479,361.2948303222656,13.087447166442871,0.018263744190335274,0.00273998461649756,0.01487325904147448
input_patch_embedding.residual_layer,patch_embed,48,768,8704,4,24.988422393798828,1.4980840682983398,0.02196708507835865,0.018183957785367966,0.011278977144294999,0.011435891681219612
encoder.block.9.layer.0.self_attention.o,time_attn,768,768,8832,4,7.445718765258789,72.6270980834961,1.711698055267334,0.016495682299137115,0.014688843815648264,0.016594820742917925
encoder.block.1.layer.1.self_attention.k,group_attn,768,768,8832,4,1.5952906608581543,222.48133850097656,6.513272762298584,0.015033373609185219,0.0035027493387751935,0.013529379178797818
encoder.block.4.layer.2.mlp.wo,ffn,3072,768,8832,4,2.1898670196533203,181.63763427734375,14.338459014892578,0.014043709263205528,0.009728022685474354,0.010221132327266957
encoder.block.7.layer.1.self_attention.v,group_attn,768,768,8832,4,11.418767929077148,34.07536315917969,0.9244584441184998,0.013767269439995289,0.04050274344191981,0.013745021397740734
encoder.block.7.layer.2.mlp.wo,ffn,3072,768,8832,4,2.604891300201416,334.5181884765625,13.828523635864258,0.012649929150938988,0.025116236827119165,0.011725846651592597
encoder.block.10.layer.1.self_attention.o,group_attn,768,768,8832,4,5.318858623504639,58.455467224121094,1.4911223649978638,0.010242393240332603,0.010905464506485064,0.010326912825220727
encoder.block.8.layer.0.self_attention.o,time_attn,768,768,8832,4,4.6882147789001465,63.17042922973633,1.3739490509033203,0.00820277538150549,0.011467765523407178,0.008387198236849969
encoder.block.6.layer.1.self_attention.v,group_attn,768,768,8832,4,7.088545799255371,29.987865447998047,0.7956041097640991,0.007327400613576174,0.03679862089415973,0.007343328346534654
encoder.block.5.layer.2.mlp.wo,ffn,3072,768,8832,4,0.8141648173332214,227.659423828125,16.639816284179688,0.006743023172020912,0.04992569068414219,0.004410010737456875
encoder.block.11.layer.1.self_attention.o,group_attn,768,768,8832,4,2.1879186630249023,90.08517456054688,2.208425998687744,0.006456682924181223,0.001316912474506704,0.006291479763591568
encoder.block.6.layer.2.mlp.wo,ffn,3072,768,8832,4,1.1664175987243652,307.28314208984375,15.386510848999023,0.006263099145144224,0.03170069521610857,0.005842153983475207
encoder.block.7.layer.0.self_attention.o,time_attn,768,768,8832,4,3.021054744720459,57.00676727294922,1.358774185180664,0.005273615010082722,0.01333268306739519,0.005344962498885053
encoder.block.3.layer.1.self_attention.v,group_attn,768,768,8832,4,5.931734561920166,20.56035614013672,0.6424850225448608,0.004979947116225958,0.04094246894294847,0.004962305486647667
encoder.block.5.layer.1.self_attention.q,group_attn,768,768,8832,4,0.28127968311309814,162.932861328125,5.977835655212402,0.004340148065239191,0.0036817144842755207,0.002189379842187922
encoder.block.4.layer.1.self_attention.v,group_attn,768,768,8832,4,4.4800591468811035,23.78037452697754,0.7312674522399902,0.004257966764271259,0.04898872897182963,0.004265783122687772
encoder.block.5.layer.0.self_attention.o,time_attn,768,768,8832,4,2.6263487339019775,49.71684265136719,1.163386344909668,0.003927606623619795,0.013098358426610054,0.003978461268219213
input_patch_embedding.output_layer,patch_embed,3072,768,8704,4,0.6217596530914307,281.0809020996094,10.912907600402832,0.0036636132281273603,0.005162364681608478,0.002208725795522559
encoder.block.9.layer.1.self_attention.o,group_attn,768,768,8832,4,1.8751952648162842,53.00237274169922,1.4252055883407593,0.0035287640057504177,0.009126390513186117,0.0034798681909457008
encoder.block.5.layer.1.self_attention.k,group_attn,768,768,8832,4,0.28127968311309814,166.8736572265625,4.620661735534668,0.0034730874467641115,0.015317295507245577,0.0016923154540937624
encoder.block.2.layer.1.self_attention.v,group_attn,768,768,8832,4,4.243678569793701,19.458906173706055,0.5927906036376953,0.0033110498916357756,0.030551820951434192,0.003275537475302552
encoder.block.4.layer.0.self_attention.o,time_attn,768,768,8832,4,2.0360970497131348,45.90277862548828,1.1051911115646362,0.002934758784249425,0.013675669941656924,0.002930047345867104
encoder.block.3.layer.0.self_attention.o,time_attn,768,768,8832,4,1.88231360912323,45.3607063293457,1.0916094779968262,0.002708651125431061,0.012293772290237842,0.0026754575211996494
encoder.block.6.layer.0.self_attention.o,time_attn,768,768,8832,4,1.8777285814285278,49.31334686279297,1.098325490951538,0.002653446514159441,0.011764586499745476,0.002685360893321905
encoder.block.8.layer.1.self_attention.o,group_attn,768,768,8832,4,2.0101263523101807,36.094032287597656,0.8953430652618408,0.0023564493749290705,0.011424638073399633,0.0023434279815638024
encoder.block.2.layer.0.self_attention.o,time_attn,768,768,8832,4,1.278699517250061,39.65055847167969,1.0501422882080078,0.0017545265145599842,0.013389878085351171,0.0017484589023117891
encoder.block.0.layer.0.self_attention.o,time_attn,768,768,8832,4,1.1663668155670166,22.864513397216797,1.166446328163147,0.001752539537847042,0.014961231624822472,0.001771489960038397
encoder.block.1.layer.1.self_attention.v,group_attn,768,768,8832,4,1.5952906608581543,20.066688537597656,0.640699028968811,0.0013220547698438168,0.03416573017779666,0.0013308609079880629
encoder.block.1.layer.0.self_attention.o,time_attn,768,768,8832,4,0.971135139465332,34.70403289794922,1.030381441116333,0.0012599166948348284,0.01244317022881025,0.0013029161777617184
encoder.block.0.layer.1.self_attention.v,group_attn,768,768,8832,4,0.8727953433990479,22.305416107177734,0.6413760781288147,0.0007131551974453032,0.022002586094439246,0.0007288932999457987
encoder.block.7.layer.1.self_attention.o,group_attn,768,768,8832,4,0.33990955352783203,40.251792907714844,0.8835093379020691,0.0003934678388759494,0.004297364131062774,0.00039103289659370155
encoder.block.5.layer.1.self_attention.v,group_attn,768,768,8832,4,0.28127968311309814,25.349397659301758,0.804832935333252,0.00029462191741913557,0.02534180423643153,0.0002947697304811481
encoder.block.6.layer.1.self_attention.o,group_attn,768,768,8832,4,0.1991215944290161,37.156681060791016,0.8534820079803467,0.00022445253853220493,0.003957361028781515,0.0002212847633405272
encoder.block.3.layer.1.self_attention.o,group_attn,768,768,8832,4,0.12163280695676804,27.62017059326172,0.7009730935096741,0.00011179259308846667,0.006833317743622177,0.00011101735021451914
encoder.block.2.layer.1.self_attention.o,group_attn,768,768,8832,4,0.10837487876415253,26.141054153442383,0.7476162314414978,0.00010648845636751503,0.006842865207755308,0.00010549846151638662
encoder.block.4.layer.1.self_attention.o,group_attn,768,768,8832,4,0.08691727370023727,31.030406951904297,0.6981716156005859,7.845066284062341e-05,0.004770927199851427,7.901454870168356e-05
encoder.block.1.layer.1.self_attention.o,group_attn,768,768,8832,4,0.03869535028934479,29.19182777404785,0.7310055494308472,3.7154415622353554e-05,0.0033334124332145636,3.6831400779533306e-05
encoder.block.0.layer.1.self_attention.o,group_attn,768,768,8832,4,0.0324123352766037,35.933677673339844,0.8811836838722229,3.686351919895969e-05,0.0024571981889463554,3.7189089846275066e-05
encoder.block.5.layer.1.self_attention.o,group_attn,768,768,8832,4,0.011625925078988075,47.74485397338867,0.889420747756958,1.3142262105247937e-05,0.0009342074834580211,1.3463983043124928e-05
