module,family,in_features,n_sample_rows,ch_absmean_max_over_mean,ch_absmax_median,ch_absmax_max_over_median,frac_channels_absmax_gt6,global_absmax,kurtosis_ch_max,kurtosis_ch_median,kurtosis_pooled
input_patch_embedding.output_layer,patch_embed,3072,512,73.9537353515625,0.0001710488722892478,3918.677734375,0.0,0.6702854037284851,507.0025634765625,23.866201400756836,316.942626953125
encoder.block.4.layer.2.mlp.wo,ffn,3072,512,55.8393669128418,0.0,,0.00032552084303461015,10.438777923583984,507.0025634765625,68.2182388305664,99180.4140625
encoder.block.3.layer.2.mlp.wo,ffn,3072,512,44.464622497558594,0.0,,0.0009765625,6.536396026611328,507.002685546875,63.804222106933594,37581.87890625
encoder.block.5.layer.2.mlp.wo,ffn,3072,512,28.926136016845703,0.02936352789402008,23.245126724243164,0.0,0.6825589537620544,507.0024719238281,80.21244812011719,134.83778381347656
encoder.block.1.layer.2.mlp.wo,ffn,3072,512,27.598596572875977,0.021855151280760765,200.36917114257812,0.0,4.379098415374756,507.00238037109375,44.822608947753906,20230.146484375
output_patch_embedding.output_layer,head,3072,512,25.70174217224121,0.0,,0.0,3.5146806240081787,507.0027770996094,14.798534393310547,50.87274932861328
encoder.block.8.layer.2.mlp.wo,ffn,3072,512,25.686662673950195,0.1024945005774498,9.130249977111816,0.0,0.9358003735542297,507.0027770996094,69.7641372680664,74.59780883789062
encoder.block.6.layer.2.mlp.wo,ffn,3072,512,25.27969741821289,0.09300282597541809,4.751018524169922,0.0,0.4418581426143646,507.00274658203125,70.37279510498047,84.2337875366211
encoder.block.0.layer.1.self_attention.k,group_attn,768,512,24.81489372253418,0.02799115516245365,35.88931655883789,0.0,1.004583477973938,3.730855941772461,0.7587895393371582,101.2454605102539
encoder.block.0.layer.1.self_attention.v,group_attn,768,512,24.81489372253418,0.02799115516245365,35.88931655883789,0.0,1.004583477973938,3.730855941772461,0.7587895393371582,101.2454605102539
encoder.block.0.layer.1.self_attention.q,group_attn,768,512,24.81489372253418,0.02799115516245365,35.88931655883789,0.0,1.004583477973938,3.730855941772461,0.7587895393371582,101.2454605102539
encoder.block.1.layer.2.mlp.wi,ffn,768,512,23.946109771728516,0.32241585850715637,13.61352252960205,0.0,4.389215469360352,50.576210021972656,0.0716698169708252,70.83890533447266
encoder.block.2.layer.2.mlp.wo,ffn,3072,512,22.771329879760742,0.03416731208562851,106.30367279052734,0.0,3.632110834121704,507.00286865234375,61.270896911621094,13709.3046875
encoder.block.0.layer.2.mlp.wi,ffn,768,512,22.392107009887695,0.24110747873783112,14.140732765197754,0.0,3.4094364643096924,43.36280822753906,0.6944537162780762,97.92046356201172
encoder.block.9.layer.2.mlp.wo,ffn,3072,512,21.708513259887695,0.12717324495315552,63.4444580078125,0.00032552084303461015,8.068437576293945,507.002685546875,63.52814483642578,3218.75830078125
encoder.block.7.layer.2.mlp.wo,ffn,3072,512,19.286596298217773,0.08914019167423248,9.37635612487793,0.0,0.8358101844787598,507.0029602050781,70.97581481933594,67.12340545654297
encoder.block.7.layer.2.mlp.wi,ffn,768,512,18.514331817626953,1.0559332370758057,9.094258308410645,0.0065104165114462376,9.602930068969727,42.52760314941406,0.12039017677307129,32.837318420410156
encoder.block.10.layer.2.mlp.wo,ffn,3072,512,17.79227066040039,0.17632606625556946,6.558605194091797,0.0,1.156453013420105,507.002685546875,57.72676467895508,61.25993347167969
encoder.block.0.layer.0.self_attention.k,time_attn,768,512,16.893404006958008,0.3446376919746399,8.313824653625488,0.0,2.8652572631835938,42.44459533691406,0.5856821537017822,34.19208526611328
encoder.block.0.layer.0.self_attention.v,time_attn,768,512,16.893404006958008,0.3446376919746399,8.313824653625488,0.0,2.8652572631835938,42.44459533691406,0.5856821537017822,34.19208526611328
encoder.block.0.layer.0.self_attention.q,time_attn,768,512,16.893404006958008,0.3446376919746399,8.313824653625488,0.0,2.8652572631835938,42.44459533691406,0.5856821537017822,34.19208526611328
encoder.block.0.layer.0.self_attention.o,time_attn,768,512,16.092164993286133,0.02516285702586174,22.937646865844727,0.0,0.5771767497062683,111.63973236083984,0.6829991340637207,31.2803955078125
encoder.block.4.layer.2.mlp.wi,ffn,768,512,15.922259330749512,0.6332040429115295,7.222643852233887,0.0,4.573407173156738,45.50538635253906,0.1385953426361084,26.360393524169922
encoder.block.11.layer.2.mlp.wo,ffn,3072,512,15.64389705657959,0.0813140869140625,10.43124008178711,0.0,0.8482067584991455,507.0024719238281,29.214099884033203,14.08243179321289
encoder.block.5.layer.2.mlp.wi,ffn,768,512,15.425192832946777,0.7905454635620117,8.878268241882324,0.0026041667442768812,7.018674850463867,44.58454132080078,0.10874199867248535,30.683082580566406
encoder.block.0.layer.2.mlp.wo,ffn,3072,512,15.348533630371094,0.03615748882293701,92.41871643066406,0.0,3.3416287899017334,507.00262451171875,22.660411834716797,9023.923828125
encoder.block.2.layer.2.mlp.wi,ffn,768,512,14.796957969665527,0.42788735032081604,9.674407958984375,0.0,4.139556884765625,50.293548583984375,0.11150264739990234,30.131309509277344
encoder.block.3.layer.2.mlp.wi,ffn,768,512,14.630721092224121,0.530897855758667,12.517059326171875,0.0013020833721384406,6.645279884338379,48.64961242675781,0.13335037231445312,27.013118743896484
encoder.block.8.layer.2.mlp.wi,ffn,768,512,14.621855735778809,1.060348629951477,7.036493301391602,0.009114583022892475,7.4611358642578125,41.00217819213867,0.07347393035888672,26.54667854309082
encoder.block.2.layer.0.self_attention.v,time_attn,768,512,14.221742630004883,0.635539710521698,8.319458961486816,0.0,5.287346839904785,53.147064208984375,0.05052042007446289,30.611785888671875
encoder.block.2.layer.0.self_attention.k,time_attn,768,512,14.221742630004883,0.635539710521698,8.319458961486816,0.0,5.287346839904785,53.147064208984375,0.05052042007446289,30.611785888671875
encoder.block.2.layer.0.self_attention.q,time_attn,768,512,14.221742630004883,0.635539710521698,8.319458961486816,0.0,5.287346839904785,53.147064208984375,0.05052042007446289,30.611785888671875
encoder.block.10.layer.2.mlp.wi,ffn,768,512,12.1517333984375,1.4709404706954956,7.111066818237305,0.015625,10.459956169128418,40.85712432861328,-0.059949398040771484,20.12030792236328
encoder.block.5.layer.1.self_attention.q,group_attn,768,512,12.113958358764648,0.0038788234815001488,66.97325134277344,0.0,0.2597774267196655,1.3790764808654785,-0.03541421890258789,15.817026138305664
encoder.block.5.layer.1.self_attention.v,group_attn,768,512,12.113958358764648,0.0038788234815001488,66.97325134277344,0.0,0.2597774267196655,1.3790764808654785,-0.03541421890258789,15.817026138305664
encoder.block.5.layer.1.self_attention.k,group_attn,768,512,12.113958358764648,0.0038788234815001488,66.97325134277344,0.0,0.2597774267196655,1.3790764808654785,-0.03541421890258789,15.817026138305664
encoder.block.1.layer.1.self_attention.k,group_attn,768,512,12.093503952026367,0.0020974157378077507,413.3065185546875,0.0,0.8668755888938904,1.918647289276123,0.0564274787902832,26.64260482788086
encoder.block.1.layer.1.self_attention.q,group_attn,768,512,12.093503952026367,0.0020974157378077507,413.3065185546875,0.0,0.8668755888938904,1.918647289276123,0.0564274787902832,26.64260482788086
encoder.block.1.layer.1.self_attention.v,group_attn,768,512,12.093503952026367,0.0020974157378077507,413.3065185546875,0.0,0.8668755888938904,1.918647289276123,0.0564274787902832,26.64260482788086
encoder.block.9.layer.2.mlp.wi,ffn,768,512,11.893292427062988,1.2303767204284668,7.010934829711914,0.013020833022892475,8.626091003417969,38.88883972167969,0.008811235427856445,22.61734390258789
encoder.block.5.layer.0.self_attention.q,time_attn,768,512,10.766998291015625,1.2734910249710083,5.022609710693359,0.0013020833721384406,6.3962483406066895,45.886173248291016,0.11859679222106934,10.994165420532227
encoder.block.5.layer.0.self_attention.k,time_attn,768,512,10.766998291015625,1.2734910249710083,5.022609710693359,0.0013020833721384406,6.3962483406066895,45.886173248291016,0.11859679222106934,10.994165420532227
encoder.block.5.layer.0.self_attention.v,time_attn,768,512,10.766998291015625,1.2734910249710083,5.022609710693359,0.0013020833721384406,6.3962483406066895,45.886173248291016,0.11859679222106934,10.994165420532227
encoder.block.6.layer.2.mlp.wi,ffn,768,512,10.592729568481445,0.8299459218978882,6.68536376953125,0.0,5.548490524291992,43.08540725708008,0.11569976806640625,15.080940246582031
encoder.block.11.layer.2.mlp.wi,ffn,768,512,10.084369659423828,0.499663382768631,22.539485931396484,0.00390625,11.262155532836914,66.0190658569336,-0.14058542251586914,51.978904724121094
encoder.block.4.layer.0.self_attention.k,time_attn,768,512,9.85246467590332,1.0880277156829834,4.761741638183594,0.0,5.180906772613525,49.58613204956055,0.14459705352783203,9.638774871826172
encoder.block.4.layer.0.self_attention.v,time_attn,768,512,9.85246467590332,1.0880277156829834,4.761741638183594,0.0,5.180906772613525,49.58613204956055,0.14459705352783203,9.638774871826172
encoder.block.4.layer.0.self_attention.q,time_attn,768,512,9.85246467590332,1.0880277156829834,4.761741638183594,0.0,5.180906772613525,49.58613204956055,0.14459705352783203,9.638774871826172
encoder.block.1.layer.0.self_attention.k,time_attn,768,512,9.224503517150879,0.4828779101371765,6.47553014755249,0.0,3.1268904209136963,52.98184585571289,0.07111740112304688,17.093791961669922
encoder.block.1.layer.0.self_attention.q,time_attn,768,512,9.224503517150879,0.4828779101371765,6.47553014755249,0.0,3.1268904209136963,52.98184585571289,0.07111740112304688,17.093791961669922
encoder.block.1.layer.0.self_attention.v,time_attn,768,512,9.224503517150879,0.4828779101371765,6.47553014755249,0.0,3.1268904209136963,52.98184585571289,0.07111740112304688,17.093791961669922
encoder.block.2.layer.0.self_attention.o,time_attn,768,512,8.957159042358398,0.12137675285339355,3.7361841201782227,0.0,0.453485906124115,9.661884307861328,1.2086424827575684,8.695316314697266
output_patch_embedding.residual_layer,head,768,512,8.807537078857422,0.70647132396698,8.711624145507812,0.0013020833721384406,6.154512405395508,115.6444091796875,-0.2127981185913086,14.058557510375977
output_patch_embedding.hidden_layer,head,768,512,8.807537078857422,0.70647132396698,8.711624145507812,0.0013020833721384406,6.154512405395508,115.6444091796875,-0.2127981185913086,14.058557510375977
encoder.block.10.layer.0.self_attention.q,time_attn,768,512,8.558337211608887,1.86095130443573,4.691573143005371,0.0026041667442768812,8.730789184570312,36.39677810668945,-0.006525754928588867,4.603294372558594
encoder.block.10.layer.0.self_attention.v,time_attn,768,512,8.558337211608887,1.86095130443573,4.691573143005371,0.0026041667442768812,8.730789184570312,36.39677810668945,-0.006525754928588867,4.603294372558594
encoder.block.10.layer.0.self_attention.k,time_attn,768,512,8.558337211608887,1.86095130443573,4.691573143005371,0.0026041667442768812,8.730789184570312,36.39677810668945,-0.006525754928588867,4.603294372558594
encoder.block.9.layer.0.self_attention.v,time_attn,768,512,8.226236343383789,1.6823240518569946,3.744629144668579,0.0013020833721384406,6.299679756164551,40.22047805786133,0.058098793029785156,3.8636417388916016
encoder.block.9.layer.0.self_attention.q,time_attn,768,512,8.226236343383789,1.6823240518569946,3.744629144668579,0.0013020833721384406,6.299679756164551,40.22047805786133,0.058098793029785156,3.8636417388916016
encoder.block.9.layer.0.self_attention.k,time_attn,768,512,8.226236343383789,1.6823240518569946,3.744629144668579,0.0013020833721384406,6.299679756164551,40.22047805786133,0.058098793029785156,3.8636417388916016
encoder.block.3.layer.0.self_attention.q,time_attn,768,512,8.148088455200195,0.8383614420890808,6.107366561889648,0.0,5.120180606842041,52.42904281616211,0.12443923950195312,10.486725807189941
encoder.block.3.layer.0.self_attention.k,time_attn,768,512,8.148088455200195,0.8383614420890808,6.107366561889648,0.0,5.120180606842041,52.42904281616211,0.12443923950195312,10.486725807189941
encoder.block.3.layer.0.self_attention.v,time_attn,768,512,8.148088455200195,0.8383614420890808,6.107366561889648,0.0,5.120180606842041,52.42904281616211,0.12443923950195312,10.486725807189941
encoder.block.1.layer.0.self_attention.o,time_attn,768,512,8.030908584594727,0.07114438712596893,5.990341663360596,0.0,0.4261791706085205,11.966507911682129,0.23691678047180176,11.409278869628906
encoder.block.2.layer.1.self_attention.o,group_attn,768,512,7.8486785888671875,0.02695281244814396,5.220200061798096,0.0,0.14069907367229462,2.253767490386963,0.10721421241760254,5.94587516784668
encoder.block.4.layer.1.self_attention.v,group_attn,768,512,7.793393611907959,0.09297264367341995,12.487311363220215,0.0,1.1609783172607422,1.4592161178588867,-0.03747248649597168,14.210725784301758
encoder.block.4.layer.1.self_attention.q,group_attn,768,512,7.793393611907959,0.09297264367341995,12.487311363220215,0.0,1.1609783172607422,1.4592161178588867,-0.03747248649597168,14.210725784301758
encoder.block.4.layer.1.self_attention.k,group_attn,768,512,7.793393611907959,0.09297264367341995,12.487311363220215,0.0,1.1609783172607422,1.4592161178588867,-0.03747248649597168,14.210725784301758
encoder.block.10.layer.0.self_attention.o,time_attn,768,512,7.6157660484313965,0.28758740425109863,4.061391830444336,0.0,1.168005108833313,38.732460021972656,0.3504173755645752,7.21923828125
encoder.block.7.layer.1.self_attention.v,group_attn,768,512,7.3424248695373535,0.26929762959480286,4.31036901473999,0.0,1.1607722043991089,1.674604892730713,-0.08469438552856445,5.779461860656738
encoder.block.7.layer.1.self_attention.q,group_attn,768,512,7.3424248695373535,0.26929762959480286,4.31036901473999,0.0,1.1607722043991089,1.674604892730713,-0.08469438552856445,5.779461860656738
encoder.block.7.layer.1.self_attention.k,group_attn,768,512,7.3424248695373535,0.26929762959480286,4.31036901473999,0.0,1.1607722043991089,1.674604892730713,-0.08469438552856445,5.779461860656738
encoder.block.7.layer.0.self_attention.k,time_attn,768,512,7.25004243850708,1.3990068435668945,3.574923038482666,0.0,5.001341819763184,43.09224319458008,0.13795852661132812,3.2430496215820312
encoder.block.7.layer.0.self_attention.q,time_attn,768,512,7.25004243850708,1.3990068435668945,3.574923038482666,0.0,5.001341819763184,43.09224319458008,0.13795852661132812,3.2430496215820312
encoder.block.7.layer.0.self_attention.v,time_attn,768,512,7.25004243850708,1.3990068435668945,3.574923038482666,0.0,5.001341819763184,43.09224319458008,0.13795852661132812,3.2430496215820312
encoder.block.7.layer.0.self_attention.o,time_attn,768,512,7.071075916290283,0.1608300507068634,3.6149885654449463,0.0,0.5813987851142883,7.788317680358887,0.17699265480041504,3.600222587585449
encoder.block.2.layer.1.self_attention.v,group_attn,768,512,6.970560550689697,0.128306582570076,7.773563861846924,0.0,0.9973993897438049,1.6927251815795898,-0.016327619552612305,12.422019958496094
encoder.block.2.layer.1.self_attention.q,group_attn,768,512,6.970560550689697,0.128306582570076,7.773563861846924,0.0,0.9973993897438049,1.6927251815795898,-0.016327619552612305,12.422019958496094
encoder.block.2.layer.1.self_attention.k,group_attn,768,512,6.970560550689697,0.128306582570076,7.773563861846924,0.0,0.9973993897438049,1.6927251815795898,-0.016327619552612305,12.422019958496094
encoder.block.8.layer.0.self_attention.v,time_attn,768,512,6.615995407104492,2.0590226650238037,3.208423614501953,0.0013020833721384406,6.606216907501221,41.32854461669922,0.08945298194885254,2.4510040283203125
encoder.block.8.layer.0.self_attention.q,time_attn,768,512,6.615995407104492,2.0590226650238037,3.208423614501953,0.0013020833721384406,6.606216907501221,41.32854461669922,0.08945298194885254,2.4510040283203125
encoder.block.8.layer.0.self_attention.k,time_attn,768,512,6.615995407104492,2.0590226650238037,3.208423614501953,0.0013020833721384406,6.606216907501221,41.32854461669922,0.08945298194885254,2.4510040283203125
encoder.block.11.layer.1.self_attention.v,group_attn,768,512,6.404130935668945,0.4470152258872986,3.048468828201294,0.0,1.362712025642395,11.852768898010254,-0.1742250919342041,3.403472900390625
encoder.block.11.layer.1.self_attention.k,group_attn,768,512,6.404130935668945,0.4470152258872986,3.048468828201294,0.0,1.362712025642395,11.852768898010254,-0.1742250919342041,3.403472900390625
encoder.block.11.layer.1.self_attention.q,group_attn,768,512,6.404130935668945,0.4470152258872986,3.048468828201294,0.0,1.362712025642395,11.852768898010254,-0.1742250919342041,3.403472900390625
encoder.block.6.layer.0.self_attention.v,time_attn,768,512,6.396657943725586,1.8856934309005737,2.838956356048584,0.0,5.353401184082031,45.7750358581543,0.11143875122070312,2.91123104095459
encoder.block.6.layer.0.self_attention.q,time_attn,768,512,6.396657943725586,1.8856934309005737,2.838956356048584,0.0,5.353401184082031,45.7750358581543,0.11143875122070312,2.91123104095459
encoder.block.6.layer.0.self_attention.k,time_attn,768,512,6.396657943725586,1.8856934309005737,2.838956356048584,0.0,5.353401184082031,45.7750358581543,0.11143875122070312,2.91123104095459
encoder.block.3.layer.1.self_attention.q,group_attn,768,512,6.235437870025635,0.1584964394569397,8.093055725097656,0.0,1.2827205657958984,1.3947162628173828,-0.025738954544067383,10.289542198181152
encoder.block.3.layer.1.self_attention.k,group_attn,768,512,6.235437870025635,0.1584964394569397,8.093055725097656,0.0,1.2827205657958984,1.3947162628173828,-0.025738954544067383,10.289542198181152
encoder.block.3.layer.1.self_attention.v,group_attn,768,512,6.235437870025635,0.1584964394569397,8.093055725097656,0.0,1.2827205657958984,1.3947162628173828,-0.025738954544067383,10.289542198181152
encoder.block.6.layer.1.self_attention.v,group_attn,768,512,5.704202651977539,0.20194123685359955,4.8844475746154785,0.0,0.9863713383674622,1.3926000595092773,-0.036801815032958984,5.8631439208984375
encoder.block.6.layer.1.self_attention.k,group_attn,768,512,5.704202651977539,0.20194123685359955,4.8844475746154785,0.0,0.9863713383674622,1.3926000595092773,-0.036801815032958984,5.8631439208984375
encoder.block.6.layer.1.self_attention.q,group_attn,768,512,5.704202651977539,0.20194123685359955,4.8844475746154785,0.0,0.9863713383674622,1.3926000595092773,-0.036801815032958984,5.8631439208984375
encoder.block.11.layer.1.self_attention.o,group_attn,768,512,5.430501937866211,0.12628254294395447,2.6321663856506348,0.0,0.33239665627479553,10.094050407409668,0.19499421119689941,2.7917299270629883
encoder.block.3.layer.0.self_attention.o,time_attn,768,512,5.398155212402344,0.16631264984607697,2.837771415710449,0.0,0.471957266330719,27.53360366821289,0.8435385227203369,4.435630798339844
encoder.block.11.layer.0.self_attention.k,time_attn,768,512,5.380908012390137,1.7441251277923584,4.814062118530273,0.0026041667442768812,8.396327018737793,39.657997131347656,-0.0252687931060791,4.127320289611816
encoder.block.11.layer.0.self_attention.q,time_attn,768,512,5.380908012390137,1.7441251277923584,4.814062118530273,0.0026041667442768812,8.396327018737793,39.657997131347656,-0.0252687931060791,4.127320289611816
encoder.block.11.layer.0.self_attention.v,time_attn,768,512,5.380908012390137,1.7441251277923584,4.814062118530273,0.0026041667442768812,8.396327018737793,39.657997131347656,-0.0252687931060791,4.127320289611816
encoder.block.9.layer.0.self_attention.o,time_attn,768,512,5.310080051422119,0.24176231026649475,4.29512882232666,0.0,1.0384002923965454,9.674192428588867,0.04255819320678711,2.7020840644836426
encoder.block.8.layer.0.self_attention.o,time_attn,768,512,5.2677106857299805,0.20281654596328735,4.049523830413818,0.0,0.8213104605674744,15.021562576293945,0.3187439441680908,4.024836540222168
encoder.block.0.layer.1.self_attention.o,group_attn,768,512,5.218661308288574,0.011703116819262505,6.650534629821777,0.0,0.07783198356628418,3.7089405059814453,0.6720125675201416,7.994020462036133
encoder.block.6.layer.0.self_attention.o,time_attn,768,512,4.738109111785889,0.17493116855621338,3.0118231773376465,0.0,0.5268617272377014,28.865140914916992,1.395920753479004,3.0497546195983887
encoder.block.5.layer.0.self_attention.o,time_attn,768,512,4.433503150939941,0.24623306095600128,2.4508681297302246,0.0,0.6034847497940063,20.337080001831055,2.0861377716064453,4.274155616760254
encoder.block.11.layer.0.self_attention.o,time_attn,768,512,4.365550994873047,0.4062575101852417,4.046106338500977,0.0,1.643761157989502,22.169452667236328,-0.44260263442993164,3.1278486251831055
encoder.block.9.layer.1.self_attention.q,group_attn,768,512,4.3143696784973145,0.7118241190910339,2.798543930053711,0.0,1.9920711517333984,3.7072019577026367,-0.1673290729522705,1.7195549011230469
encoder.block.9.layer.1.self_attention.v,group_attn,768,512,4.3143696784973145,0.7118241190910339,2.798543930053711,0.0,1.9920711517333984,3.7072019577026367,-0.1673290729522705,1.7195549011230469
encoder.block.9.layer.1.self_attention.k,group_attn,768,512,4.3143696784973145,0.7118241190910339,2.798543930053711,0.0,1.9920711517333984,3.7072019577026367,-0.1673290729522705,1.7195549011230469
encoder.block.5.layer.1.self_attention.o,group_attn,768,512,3.98336124420166,0.012549322098493576,2.242525100708008,0.0,0.02814216911792755,2.199631690979004,-0.05683445930480957,0.8360986709594727
encoder.block.4.layer.0.self_attention.o,time_attn,768,512,3.941394567489624,0.17679540812969208,3.123567581176758,0.0,0.5522323846817017,29.787738800048828,1.2934541702270508,4.016036510467529
encoder.block.1.layer.1.self_attention.o,group_attn,768,512,3.852848529815674,0.014690184034407139,4.799849987030029,0.0,0.07051067799329758,2.777096748352051,0.021145343780517578,4.114287376403809
encoder.block.8.layer.1.self_attention.q,group_attn,768,512,3.468986749649048,0.8570830225944519,3.7101027965545654,0.0,3.179866075515747,2.233830451965332,-0.11233353614807129,2.8365225791931152
encoder.block.8.layer.1.self_attention.v,group_attn,768,512,3.468986749649048,0.8570830225944519,3.7101027965545654,0.0,3.179866075515747,2.233830451965332,-0.11233353614807129,2.8365225791931152
encoder.block.8.layer.1.self_attention.k,group_attn,768,512,3.468986749649048,0.8570830225944519,3.7101027965545654,0.0,3.179866075515747,2.233830451965332,-0.11233353614807129,2.8365225791931152
encoder.block.10.layer.1.self_attention.q,group_attn,768,512,3.3838677406311035,1.2836277484893799,2.2089219093322754,0.0,2.8354334831237793,2.7732419967651367,-0.17764687538146973,1.1677031517028809
encoder.block.10.layer.1.self_attention.v,group_attn,768,512,3.3838677406311035,1.2836277484893799,2.2089219093322754,0.0,2.8354334831237793,2.7732419967651367,-0.17764687538146973,1.1677031517028809
encoder.block.10.layer.1.self_attention.k,group_attn,768,512,3.3838677406311035,1.2836277484893799,2.2089219093322754,0.0,2.8354334831237793,2.7732419967651367,-0.17764687538146973,1.1677031517028809
encoder.block.9.layer.1.self_attention.o,group_attn,768,512,3.3568613529205322,0.15579897165298462,2.5862984657287598,0.0,0.40294262766838074,1.8652958869934082,0.009919166564941406,1.1253151893615723
encoder.block.6.layer.1.self_attention.o,group_attn,768,512,3.3205909729003906,0.05067523568868637,2.206763982772827,0.0,0.1118282899260521,3.203409194946289,0.010352373123168945,0.8415107727050781
encoder.block.10.layer.1.self_attention.o,group_attn,768,512,3.246832847595215,0.2717309594154358,2.1757147312164307,0.0,0.5912090539932251,2.120854377746582,0.013606786727905273,0.8921675682067871
encoder.block.8.layer.1.self_attention.o,group_attn,768,512,2.9619531631469727,0.16138356924057007,3.6482088565826416,0.0,0.5887609720230103,2.3405303955078125,0.00125885009765625,1.3557615280151367
encoder.block.3.layer.1.self_attention.o,group_attn,768,512,2.8259835243225098,0.034892741590738297,3.249626398086548,0.0,0.11338837444782257,2.3216257095336914,0.0669100284576416,2.5752248764038086
encoder.block.7.layer.1.self_attention.o,group_attn,768,512,2.3808634281158447,0.06481052190065384,2.0881078243255615,0.0,0.13533136248588562,3.384373188018799,-0.05360293388366699,0.5516221523284912
encoder.block.4.layer.1.self_attention.o,group_attn,768,512,2.2612802982330322,0.030946914106607437,2.539865493774414,0.0,0.07860100269317627,1.5453319549560547,0.0007305145263671875,1.2487354278564453
input_patch_embedding.hidden_layer,patch_embed,48,512,1.7107796669006348,1.0,2.3045687675476074,0.0,2.3045687675476074,-0.9144802093505859,-1.2005864381790161,-0.7821919918060303
input_patch_embedding.residual_layer,patch_embed,48,512,1.7107796669006348,1.0,2.3045687675476074,0.0,2.3045687675476074,-0.9144802093505859,-1.2005864381790161,-0.7821919918060303
