model_name,WQL_rel,WQL_rel_lower,WQL_rel_upper,WQL_win_rate,MASE_rel,MASE_rel_lower,MASE_rel_upper,MASE_win_rate
chronos2-fp32,1.0,1.0,1.0,,1.0,1.0,1.0,
chronos2-w8-hqq,1.0019545402172003,1.000218557010148,1.004609407442328,0.48148148148148145,1.0002786309111356,0.999546002761208,1.0011052366328876,0.48148148148148145
chronos2-w8a16-torchao,1.0028057107514563,1.0003810439645335,1.0063178802196078,0.37037037037037035,1.0017096948825224,1.0004147513102681,1.0037204901251895,0.2962962962962963
chronos2-w8a16-rtn-pt,1.0064841690163815,1.0006978543493117,1.0135464882152143,0.37037037037037035,1.0105357131989807,1.0037492566908122,1.018586688575857,0.3333333333333333
chronos2-w8a8-torchao-dyn,1.0125693112744332,1.004013306001789,1.0243777563298775,0.2962962962962963,1.0039669932279,1.0015393268964012,1.0072264832809847,0.25925925925925924
chronos2-w8-bnb-int8,1.0127328686533936,1.0020387099714465,1.0312184607160266,0.2222222222222222,1.0027161020946196,1.0008025605038324,1.0057243162868745,0.2962962962962963
chronos2-w6-rtn-sim,1.0598762680146885,1.0284658367235213,1.1036878910197883,0.18518518518518517,1.0452300891531088,1.0184613120246055,1.0953707390625333,0.18518518518518517
chronos2-w4-hqq,1.0599556498927474,1.0152984565055905,1.1215064101350718,0.25925925925925924,1.0265369813107748,1.0057185404927151,1.0559752351836689,0.2962962962962963
chronos2-w4-bnb-nf4,1.0648583344557523,1.003433938545046,1.1531077211734824,0.2222222222222222,1.025597683886145,0.9850502484469459,1.0661939299818837,0.25925925925925924
chronos2-w3-hqq,1.2291972801899589,1.0936057975709375,1.4861582241995543,0.1111111111111111,1.1425897972213657,1.0621322188767615,1.3108238473945508,0.1111111111111111
chronos2-w4-rtn-sim,1.6559630190650223,1.3819665114158393,2.03243481384426,0.0,1.4034708744260755,1.2569701228841257,1.6390751208281253,0.0
chronos2-w3-rtn-sim,1.6947005342638508,1.4666873135295404,2.0056939200553816,0.0,1.6152350894903595,1.4254913825360696,1.9122650040838471,0.0
chronos2-w2-rtn-sim,4.082360126287722,3.094786697158144,5.5112766447027886,0.0,3.1077073701545928,2.4785761740181753,4.0060080533974345,0.0
