model_name,dataset_path,dataset_config,horizon,num_windows,initial_cutoff,window_step_size,min_context_length,max_context_length,seasonality,eval_metric,extra_metrics,quantile_levels,id_column,timestamp_column,target,generate_univariate_targets_from,known_dynamic_columns,past_dynamic_columns,static_columns,task_name,test_error,training_time_s,inference_time_s,num_forecasts,dataset_fingerprint,trained_on_this_dataset,fev_version,MASE,WQL,WQL[0.1],WQL[0.2],WQL[0.3],WQL[0.4],WQL[0.5],WQL[0.6],WQL[0.7],WQL[0.8],WQL[0.9],run_name,git_sha,gpu_name,peak_gpu_memory_mb,task_wall_time_s,MACE,coverage[0.8],coverage[0.6],coverage[0.4],coverage[0.2],QCR,SQL,SQL[0.1],SQL[0.2],SQL[0.3],SQL[0.4],SQL[0.5],SQL[0.6],SQL[0.7],SQL[0.8],SQL[0.9],MQL,MQL[0.1],MQL[0.2],MQL[0.3],MQL[0.4],MQL[0.5],MQL[0.6],MQL[0.7],MQL[0.8],MQL[0.9],MAE,RMSE,RMSSE,WAPE,SMAPE,MAPE,model_predictor_type
seasonal_naive,autogluon/chronos_datasets,monash_traffic,24,1,-24,24,1,,24,MASE,['WQL'],"[0.1, 0.2, 0.3, 0.4, 0.5, 0.6, 0.7, 0.8, 0.9]",id,timestamp,target,,[],[],[],monash_traffic,1.0767397173107431,,0.7600747999968007,862,be2fb167dd7ded22,False,0.9.0,1.0767397173107431,0.361853219699001,0.3655657661556348,0.36463762954147805,0.36370949292731775,0.362781356313161,0.3618532196990035,0.36092508308484045,0.35999694647068314,0.3590688098565247,0.358140673242366,seasonal_naive_full,c26c6687abdb861870f515d417edac5ac702e2cc,NVIDIA RTX 2000 Ada Generation Laptop GPU,0.0,10.705,0.48627223511214235,0.013727764887857695,0.013727764887857695,0.013727764887857695,0.013727764887857695,0.0,1.076739717310745,1.1797266122819967,1.1539798885391885,1.1282331647963775,1.102486441053557,1.0767397173107423,1.0509929935679378,1.0252462698251186,0.9994995460822971,0.9737528223394886,0.01620127127677162,0.016367493294421685,0.016325937790009244,0.016284382285596644,0.016242826781184203,0.01620127127677173,0.016159715772359005,0.01611816026794654,0.016076604763534022,0.016035049259121494,0.016201271276771595,0.03375447377748332,0.9239832954214634,0.36185321969900053,0.411452691512975,0.4796770420312999,SeasonalNaivePredictor
seasonal_naive,autogluon/chronos_datasets,monash_australian_electricity,48,1,-48,48,1,,48,MASE,['WQL'],"[0.1, 0.2, 0.3, 0.4, 0.5, 0.6, 0.7, 0.8, 0.9]",id,timestamp,target,,[],[],[],monash_australian_electricity,1.253318964122772,,0.04521549999481067,5,fd85c748679db95e,False,0.9.0,1.253318964122772,0.08369513233083876,0.14812023990019482,0.13201396300785584,0.11590768611551688,0.09980140922317778,0.08369513233083876,0.06758885543849978,0.05148257854616073,0.035376301653821725,0.019270024761482697,seasonal_naive_full,c26c6687abdb861870f515d417edac5ac702e2cc,NVIDIA RTX 2000 Ada Generation Laptop GPU,0.0,3.684,0.49999999999999994,0.0,0.0,0.0,0.0,0.0,1.2533189641227718,2.209022909742399,1.9700969233374908,1.7311709369325858,1.4922449505276778,1.2533189641227722,1.014392977717865,0.7754669913129585,0.5365410049080518,0.29761501850314515,274.4421491279459,485.69654931506824,432.88294926828775,380.06934922150737,327.2557491747265,274.4421491279459,221.62854908116546,168.81494903438474,116.00134898760419,63.18774894082356,274.442149127946,429.40348561929324,1.2931004123413417,0.08369513233083878,0.11303438364986125,0.1380847392804729,SeasonalNaivePredictor
seasonal_naive,autogluon/chronos_datasets,ercot,24,1,-24,24,1,,24,MASE,['WQL'],"[0.1, 0.2, 0.3, 0.4, 0.5, 0.6, 0.7, 0.8, 0.9]",id,timestamp,target,,[],[],[],ercot,0.7611990227024257,,0.04089270002441481,8,79eb6c1f921ef77b,False,0.9.0,0.7611990227024257,0.0366036451162269,0.011062965579212264,0.017448135463465915,0.023833305347719592,0.030218475231973213,0.0366036451162269,0.04298881500048059,0.04937398488473426,0.05575915476898782,0.062144324653241545,seasonal_naive_full,c26c6687abdb861870f515d417edac5ac702e2cc,NVIDIA RTX 2000 Ada Generation Laptop GPU,0.0,1.825,0.49999999999999994,0.0,0.0,0.0,0.0,0.0,0.7611990227024257,0.23390371777860988,0.36572754400956403,0.4975513702405177,0.6293751964714719,0.7611990227024257,0.8930228489333794,1.0248466751643341,1.1566705013952874,1.2884943276262413,269.22991116841627,81.37116483052567,128.33585141499827,175.30053799947106,222.26522458394345,269.2299111684163,316.1945977528892,363.15928433736195,410.1239709218339,457.088657506307,269.2299111684163,462.2517291930766,0.7171221293824229,0.0366036451162269,0.031261417416645315,0.030434620190140788,SeasonalNaivePredictor
seasonal_naive,autogluon/chronos_datasets_extra,ETTm,24,1,-96,24,1,,96,MASE,['WQL'],"[0.1, 0.2, 0.3, 0.4, 0.5, 0.6, 0.7, 0.8, 0.9]",id,timestamp,target,__ALL__,[],[],[],ETTm,1.1693053852270578,,0.040646900015417486,14,7fedfe5599331980,False,0.9.0,1.1693053852270578,0.14134803857340458,0.045121438488995996,0.06917808851009814,0.09323473853120028,0.11729138855230238,0.14134803857340458,0.16540468859450672,0.18946133861560902,0.21351798863671093,0.23757463865781325,seasonal_naive_full,c26c6687abdb861870f515d417edac5ac702e2cc,NVIDIA RTX 2000 Ada Generation Laptop GPU,0.0,4.366,0.4791666666666667,0.020833333333333332,0.020833333333333332,0.020833333333333332,0.020833333333333332,0.0,1.1693053852270578,0.44075345026160545,0.6228914340029682,0.8050294177443315,0.9871674014856937,1.1693053852270583,1.3514433689684204,1.533581352709784,1.715719336451146,1.897857320192513,2.202928528100962,0.7032237948228917,1.078149978142409,1.4530761614619265,1.8280023447814433,2.2029285281009616,2.5778547114204793,2.952780894739999,3.327707078059513,3.702633261379033,2.2029285281009616,3.254861491333947,0.9053378356025269,0.14134803857340458,0.2482387616125314,0.17891369638806848,SeasonalNaivePredictor
seasonal_naive,autogluon/chronos_datasets_extra,ETTh,24,1,-24,24,1,,24,MASE,['WQL'],"[0.1, 0.2, 0.3, 0.4, 0.5, 0.6, 0.7, 0.8, 0.9]",id,timestamp,target,__ALL__,[],[],[],ETTh,0.9316203114697056,,0.01755240000784397,14,5a13efe0f5d52d9e,False,0.9.0,0.9316203114697056,0.12208965852058867,0.06479398671837977,0.07911790466893198,0.09344182261948429,0.1077657405700364,0.12208965852058867,0.13641357647114102,0.15073749442169312,0.1650614123722454,0.17938533032279744,seasonal_naive_full,c26c6687abdb861870f515d417edac5ac702e2cc,NVIDIA RTX 2000 Ada Generation Laptop GPU,0.0,2.038,0.46428571428571436,0.03571428571428571,0.03571428571428571,0.03571428571428571,0.03571428571428571,0.0,0.9316203114697055,0.5638162873700396,0.6557672933949561,0.7477182994198728,0.8396693054447889,0.9316203114697051,1.0235713174946224,1.1155223235195384,1.207473329544455,1.2994243355693706,1.8045327526827653,0.9576803852759651,1.1693934771276648,1.3811065689793662,1.5928196608310645,1.8045327526827653,2.0162458445344673,2.227958936386165,2.439672028237866,2.6513851200895635,1.8045327526827653,2.797045279937394,0.7223600619819791,0.12208965852058867,0.20642042491431575,0.20012605957126936,SeasonalNaivePredictor
seasonal_naive,autogluon/chronos_datasets,exchange_rate,30,1,-30,30,1,,5,MASE,['WQL'],"[0.1, 0.2, 0.3, 0.4, 0.5, 0.6, 0.7, 0.8, 0.9]",id,timestamp,target,,[],[],[],exchange_rate,1.740181584776553,,0.010267700010444969,8,10a2ba1c59eb8128,False,0.9.0,1.740181584776553,0.012984136396417026,0.018342330972966815,0.017002782328829364,0.01566323368469192,0.014323685040554465,0.012984136396417026,0.011644587752279584,0.010305039108142134,0.008965490464004683,0.007625941819867241,seasonal_naive_full,c26c6687abdb861870f515d417edac5ac702e2cc,NVIDIA RTX 2000 Ada Generation Laptop GPU,0.0,1.624,0.49999999999999994,0.0,0.0,0.0,0.0,0.0,1.7401815847765525,2.6856422545909684,2.4492770871373626,2.2129119196837594,1.976546752230156,1.7401815847765527,1.5038164173229485,1.267451249869345,1.0310860824157426,0.7947209149621383,0.00853495685538898,0.012057097884826364,0.011176562627467015,0.010296027370107671,0.00941549211274832,0.00853495685538898,0.007654421598029636,0.006773886340670289,0.00589335108331094,0.005012815825951597,0.00853495685538898,0.012059432490434707,1.2146231301212953,0.012984136396417026,0.013649428087014805,0.013767855006676133,SeasonalNaivePredictor
seasonal_naive,autogluon/chronos_datasets,nn5,56,1,-56,56,1,,1,MASE,['WQL'],"[0.1, 0.2, 0.3, 0.4, 0.5, 0.6, 0.7, 0.8, 0.9]",id,timestamp,target,,[],[],[],nn5,1.2917285854451082,,0.04509079997660592,111,d55bac26a9051441,False,0.9.0,1.2917285854451082,0.42462080748706316,0.15394549520933368,0.22161432327876632,0.2892831513481986,0.3569519794176315,0.42462080748706316,0.49228963555649513,0.5599584636259266,0.627627291695362,0.6952961197647914,seasonal_naive_full,c26c6687abdb861870f515d417edac5ac702e2cc,NVIDIA RTX 2000 Ada Generation Laptop GPU,0.0,1.702,0.49951706374758537,0.0004829362524146813,0.0004829362524146813,0.0004829362524146813,0.0004829362524146813,0.0,1.291728585445108,0.4842842265609771,0.6861453162820091,0.8880064060030401,1.089867495724072,1.2917285854451115,1.4935896751661402,1.69545076488718,1.8973118546081984,2.0991729443292435,8.262765589954556,2.995650514801846,4.312429283590029,5.629208052378204,6.945986821166393,8.262765589954556,9.579544358742726,10.896323127530886,12.213101896319124,13.529880665107243,8.262765589954556,11.647433731920435,1.2881830960407716,0.42462080748706316,0.48269053243480964,0.653388536754082,SeasonalNaivePredictor
seasonal_naive,autogluon/chronos_datasets,monash_nn5_weekly,8,1,-8,8,1,,1,MASE,['WQL'],"[0.1, 0.2, 0.3, 0.4, 0.5, 0.6, 0.7, 0.8, 0.9]",id,timestamp,target,,[],[],[],monash_nn5_weekly,1.06284825481982,,0.03940810001222417,111,a469d76f0a7b342c,False,0.9.0,1.06284825481982,0.12269089536569082,0.10087783518502777,0.10633110023019333,0.11178436527535944,0.11723763032052499,0.12269089536569082,0.12814416041085666,0.13359742545602218,0.13905069050118832,0.1445039555463538,seasonal_naive_full,c26c6687abdb861870f515d417edac5ac702e2cc,NVIDIA RTX 2000 Ada Generation Laptop GPU,0.0,1.58,0.49999999999999994,0.0,0.0,0.0,0.0,0.0,1.0628482548198193,0.8789628470870741,0.9249341990202599,0.970905550953448,1.0168769028866322,1.062848254819819,1.1088196067530052,1.1547909586861909,1.200762310619379,1.2467336625525651,16.708553516113007,13.737960773330554,14.48060895902614,15.223257144721801,15.965905330417383,16.708553516113007,17.45120170180863,18.19384988750421,18.93649807319987,19.67914625889545,16.708553516113007,23.48029538779947,1.0299504319392534,0.12269089536569082,0.13267857977152692,0.13446617516360201,SeasonalNaivePredictor
seasonal_naive,autogluon/chronos_datasets,monash_weather,30,1,-30,30,1,,1,MASE,['WQL'],"[0.1, 0.2, 0.3, 0.4, 0.5, 0.6, 0.7, 0.8, 0.9]",id,timestamp,target,,[],[],[],monash_weather,1.0038475713182775,,2.6507558999583125,3010,d31ba1dde0eb7cae,False,0.9.0,1.0038475713182775,0.21659473496540554,0.19858767423225068,0.20308943941554786,0.20759120459882693,0.21209296978212142,0.2165947349654004,0.2210965001486983,0.22559826533198027,0.23010003051527436,0.2346017956985498,seasonal_naive_full,c26c6687abdb861870f515d417edac5ac702e2cc,NVIDIA RTX 2000 Ada Generation Laptop GPU,0.0,39.927,0.3552713178294574,0.14472868217054263,0.14472868217054263,0.14472868217054263,0.14472868217054263,0.0,1.0038475713182793,0.9674768452285261,0.9765695267509822,0.9856622082733993,0.9947548897958389,1.0038475713182764,1.0129402528407327,1.0220329343631587,1.0311256158855917,1.0402182974080079,2.362190201824369,2.165804530518422,2.2149009483450013,2.263997366171383,2.313093783997932,2.362190201824313,2.4112866196508995,2.4603830374773126,2.509479455303858,2.5585758731302,2.3621902018243603,4.449713116847156,0.9898330545044887,0.21659473496540477,0.46950839928892946,0.7452576209286422,SeasonalNaivePredictor
seasonal_naive,autogluon/chronos_datasets,monash_covid_deaths,30,1,-30,30,1,,1,MASE,['WQL'],"[0.1, 0.2, 0.3, 0.4, 0.5, 0.6, 0.7, 0.8, 0.9]",id,timestamp,target,,[],[],[],monash_covid_deaths,46.91239825526407,,0.09173980000196025,266,3393dd1ef2c52f4c,False,0.9.0,46.91239825526407,0.13308487625718277,0.02662610343924759,0.053240796643731485,0.0798554898482153,0.10647018305269927,0.13308487625718274,0.1596995694616669,0.18631426266614923,0.21292895587063487,0.23954364907511744,seasonal_naive_full,c26c6687abdb861870f515d417edac5ac702e2cc,NVIDIA RTX 2000 Ada Generation Laptop GPU,0.0,2.396,0.2,0.4395989974937343,0.4395989974937343,0.4395989974937343,0.4395989974937343,0.0,46.91239825526409,9.745620167751008,19.037314689629277,28.329009211507607,37.62070373338583,46.91239825526434,56.204092777142456,65.49578729902017,74.78748182089903,84.07917634277702,353.70939849624074,70.76614035087744,141.50195488721852,212.2377694235594,282.9735839599007,353.7093984962406,424.4452130325825,495.1810275689194,565.9168421052651,636.6526566416027,353.7093984962406,2105.9901718395345,37.89372251497309,0.13308487625718274,0.17781104480034715,0.1327243997794851,SeasonalNaivePredictor
seasonal_naive,autogluon/chronos_datasets,monash_fred_md,12,1,-12,12,1,,12,MASE,['WQL'],"[0.1, 0.2, 0.3, 0.4, 0.5, 0.6, 0.7, 0.8, 0.9]",id,timestamp,target,,[],[],[],monash_fred_md,1.1008000463101226,,0.042353899974841624,107,a428426a1a648ad5,False,0.9.0,1.1008000463101226,0.12222377025717376,0.19741809992066184,0.17861951750479002,0.15982093508891781,0.14102235267304586,0.1222237702571739,0.1034251878413016,0.08462660542542948,0.06582802300955766,0.04702944059368573,seasonal_naive_full,c26c6687abdb861870f515d417edac5ac702e2cc,NVIDIA RTX 2000 Ada Generation Laptop GPU,0.0,1.634,0.49688473520249227,0.003115264797507788,0.003115264797507788,0.003115264797507788,0.003115264797507788,0.0,1.1008000463101224,0.8448212019771505,0.9088159130603957,0.9728106241436364,1.0368053352268796,1.1008000463101206,1.1647947573933641,1.228789468476609,1.2927841795598503,1.3567788906430933,5385.529179903617,8698.80658669543,7870.487234997485,7042.167883299523,6213.848531601572,5385.529179903622,4557.209828205656,3728.890476507698,2900.5711248097537,2072.251773111804,5385.529179903612,48205.21081708439,0.9784538543707503,0.12222377025717368,0.14589711197845587,0.3788029699531017,SeasonalNaivePredictor
seasonal_naive,autogluon/chronos_datasets,m4_quarterly,8,1,-8,8,1,,4,MASE,['WQL'],"[0.1, 0.2, 0.3, 0.4, 0.5, 0.6, 0.7, 0.8, 0.9]",id,timestamp,target,,[],[],[],m4_quarterly,1.6022471766126916,,7.422524900001008,24000,8f981bc816ddcfa7,False,0.9.0,1.6022471766126916,0.11864846615596486,0.09008639710585464,0.09722691436838403,0.10436743163090914,0.1115079488934376,0.11864846615596521,0.1257889834184932,0.13292950068101825,0.14007001794354768,0.14721053520607402,seasonal_naive_full,c26c6687abdb861870f515d417edac5ac702e2cc,NVIDIA RTX 2000 Ada Generation Laptop GPU,0.0,37.508,0.4961250000000001,0.003875,0.003875,0.003875,0.003875,0.0,1.6022471766126913,0.9675920069950857,1.12625579939948,1.28491959180386,1.4435833842082826,1.602247176612705,1.7609109690170899,1.9195747614214764,2.078238553825919,2.236902346230323,708.8467661359672,538.2071368489857,580.867044170742,623.5269514924728,666.1868588142236,708.8467661359693,751.5066734577174,794.1665807794478,836.8264881012043,879.4863954229425,708.8467661359671,1577.302891721734,1.682733346309472,0.11864846615596483,0.1252136683662949,0.1419258221249729,SeasonalNaivePredictor
seasonal_naive,autogluon/chronos_datasets,m4_yearly,6,1,-6,6,1,,1,MASE,['WQL'],"[0.1, 0.2, 0.3, 0.4, 0.5, 0.6, 0.7, 0.8, 0.9]",id,timestamp,target,,[],[],[],m4_yearly,3.9743602612595703,,6.628698100044858,23000,d037305b67780107,False,0.9.0,3.9743602612595703,0.1614389663357924,0.07697602042951329,0.09809175690608184,0.11920749338265378,0.14032322985922135,0.16143896633579277,0.1825547028123644,0.20367043928893372,0.22478617576550114,0.24590191224206928,seasonal_naive_full,c26c6687abdb861870f515d417edac5ac702e2cc,NVIDIA RTX 2000 Ada Generation Laptop GPU,0.0,34.352,0.4957173913043478,0.004282608695652174,0.004282608695652174,0.004282608695652174,0.004282608695652174,0.0,3.9743602612595827,1.6722662304186935,2.2477897381289256,2.823313245839169,3.3988367535494177,3.9743602612596134,4.549883768969834,5.125407276679989,5.70093078439023,6.276454292100373,1006.9166850687884,480.1098587280076,611.8115653131952,743.5132718984039,875.2149784835854,1006.9166850687909,1138.6183916539976,1270.32009823919,1402.0218048243705,1533.7235114095556,1006.9166850687894,2016.4577929357754,4.597062564002762,0.16143896633579255,0.163421734900608,0.17507037816829243,SeasonalNaivePredictor
seasonal_naive,autogluon/chronos_datasets,dominick,8,1,-8,8,1,,1,MASE,['WQL'],"[0.1, 0.2, 0.3, 0.4, 0.5, 0.6, 0.7, 0.8, 0.9]",id,timestamp,target,,[],[],[],dominick,0.8706149874056476,,30.436734599992633,100014,595e91ce45a2ad22,False,0.9.0,0.8706149874056476,0.4529164025698833,0.4675211610635983,0.4638699714402014,0.4602187818167586,0.4565675921933627,0.4529164025698831,0.4492652129464045,0.445614023323012,0.44196283369955747,0.4383116440761715,seasonal_naive_full,c26c6687abdb861870f515d417edac5ac702e2cc,NVIDIA RTX 2000 Ada Generation Laptop GPU,0.0,141.262,0.24655585717999484,0.6931117143599896,0.6931117143599896,0.6931117143599896,0.6931117143599896,0.0,0.8706149874056378,0.8941882424789135,0.8882949287105963,0.8824016149422761,0.8765083011739417,0.8706149874056447,0.8647216736373229,0.8588283598689934,0.8529350461006908,0.8470417323323612,5.398803237083212,5.572893239090859,5.529370738589327,5.4858482380872475,5.442325737585727,5.398803237083209,5.355280736580704,5.311758236079224,5.268235735577005,5.224713235075604,5.398803237083209,13.67119040150927,1.0057427360341027,0.4529164025698831,0.6733021797164737,0.5338037506971134,SeasonalNaivePredictor
seasonal_naive,autogluon/chronos_datasets,m5,28,1,-28,28,1,,1,MASE,['WQL'],"[0.1, 0.2, 0.3, 0.4, 0.5, 0.6, 0.7, 0.8, 0.9]",id,timestamp,target,,[],[],[],m5,1.3992062130767295,,10.954479099949822,30490,e9052ec41c34ce71,False,0.9.0,1.3992062130767295,1.024088347806935,1.2143491964322621,1.1667839842755212,1.1192187721189581,1.071653559962232,1.024088347806844,0.9765231356513092,0.9289579234944005,0.8813927113389175,0.8338274991819704,seasonal_naive_full,c26c6687abdb861870f515d417edac5ac702e2cc,NVIDIA RTX 2000 Ada Generation Laptop GPU,0.0,72.442,0.2,0.41544768776648083,0.41544768776648083,0.41544768776648083,0.41544768776648083,0.0,1.399206213076726,1.6173886785297327,1.5628430621664946,1.50829744580329,1.4537518294398681,1.399206213076761,1.3446605967134628,1.2901149803502006,1.235569363986977,1.1810237476237464,1.4744295553578592,1.7483573068466751,1.6798753689738821,1.6113934311013451,1.5429114932285735,1.4744295553577285,1.4059476174866719,1.3374656796136373,1.2689837417426553,1.2005018038695654,1.4744295553577285,3.2420981468135204,1.219369413571158,1.024088347806844,1.3430474845089335,0.9114817191047035,SeasonalNaivePredictor
seasonal_naive,autogluon/chronos_datasets,monash_tourism_monthly,24,1,-24,24,1,,12,MASE,['WQL'],"[0.1, 0.2, 0.3, 0.4, 0.5, 0.6, 0.7, 0.8, 0.9]",id,timestamp,target,,[],[],[],monash_tourism_monthly,1.6309399949444132,,0.11809120001271367,366,3b8394ecb5a82e94,False,0.9.0,1.6309399949444132,0.1041824322151567,0.0537619977034709,0.06636710633139227,0.07897221495931406,0.0915773235872352,0.10418243221515675,0.11678754084307849,0.12939264947099954,0.14199775809892085,0.15460286672684215,seasonal_naive_full,c26c6687abdb861870f515d417edac5ac702e2cc,NVIDIA RTX 2000 Ada Generation Laptop GPU,0.0,2.928,0.4784836065573771,0.02151639344262295,0.02151639344262295,0.02151639344262295,0.02151639344262295,0.0,1.6309399949444123,1.1173250039141611,1.2457287516717233,1.3741324994292847,1.5025362471868513,1.6309399949444043,1.7593437427019791,1.8877474904595395,2.0161512382171023,2.144554985974665,1980.2071964803981,1021.8603317852634,1261.4470479590457,1501.0337641328358,1740.6204803066137,1980.2071964803995,2219.7939126541887,2459.380628827965,2698.967345001746,2938.5540611755273,1980.2071964803995,8201.326965942591,1.5449275337109851,0.10418243221515675,0.21669892540744867,0.22562374155866372,SeasonalNaivePredictor
seasonal_naive,autogluon/chronos_datasets,monash_tourism_quarterly,8,1,-8,8,1,,4,MASE,['WQL'],"[0.1, 0.2, 0.3, 0.4, 0.5, 0.6, 0.7, 0.8, 0.9]",id,timestamp,target,,[],[],[],monash_tourism_quarterly,1.6989892627474672,,0.1284872000105679,427,6a796cb25cf1ae99,False,0.9.0,1.6989892627474672,0.11937501691774494,0.043808819348670314,0.06270036874093887,0.0815919181332078,0.10048346752547624,0.11937501691774499,0.13826656631001402,0.15715811570228239,0.17604966509455075,0.19494121448681928,seasonal_naive_full,c26c6687abdb861870f515d417edac5ac702e2cc,NVIDIA RTX 2000 Ada Generation Laptop GPU,0.0,2.198,0.49180327868852464,0.00819672131147541,0.00819672131147541,0.00819672131147541,0.00819672131147541,0.0,1.6989892627474665,1.0440109620019762,1.2077555371883495,1.3715001123747192,1.535244687561093,1.6989892627474672,1.86273383793384,2.0264784131202127,2.190222988306582,2.3539675634929584,11405.447130810433,4185.625986455551,5990.581272544262,7795.536558633008,9600.491844721706,11405.447130810435,13210.402416899191,15015.357702987883,16820.312989076574,18625.268275165283,11405.447130810433,130552.0379329497,1.6867944595694837,0.11937501691774496,0.1660971832369502,0.16458611469583923,SeasonalNaivePredictor
seasonal_naive,autogluon/chronos_datasets,monash_tourism_yearly,4,1,-4,4,1,,1,MASE,['WQL'],"[0.1, 0.2, 0.3, 0.4, 0.5, 0.6, 0.7, 0.8, 0.9]",id,timestamp,target,,[],[],[],monash_tourism_yearly,3.5520097206480883,,0.1547353999922052,518,b340ddcc0f09aa4c,False,0.9.0,3.5520097206480883,0.20918265876732411,0.05936748684134027,0.09682127982283624,0.13427507280433224,0.17172886578582827,0.20918265876732414,0.2466364517488201,0.28409024473031624,0.32154403771181206,0.3589978306933074,seasonal_naive_full,c26c6687abdb861870f515d417edac5ac702e2cc,NVIDIA RTX 2000 Ada Generation Laptop GPU,0.0,2.5,0.49999999999999994,0.0,0.0,0.0,0.0,0.0,3.5520097206480887,1.632939598327415,2.112707128907584,2.592474659487755,3.0722421900679184,3.552009720648088,4.031777251228261,4.511544781808427,4.991312312388589,5.471079842968762,99456.0516676177,28226.31605058876,46033.749954846004,63841.18385910326,81648.61776336053,99456.05166761772,117263.48557187496,135070.9194761323,152878.35338038945,170685.7872846464,99456.05166761772,602921.1639784456,3.1817824008003046,0.20918265876732414,0.4216665241429693,0.3335698396744236,SeasonalNaivePredictor
seasonal_naive,autogluon/chronos_datasets,monash_car_parts,12,1,-12,12,1,,12,MASE,['WQL'],"[0.1, 0.2, 0.3, 0.4, 0.5, 0.6, 0.7, 0.8, 0.9]",id,timestamp,target,,[],[],[],monash_car_parts,1.2014638390969912,,0.6766065999981947,2674,b9a6f5bef9643046,False,0.9.0,1.2014638390969912,1.599952214080917,1.7076935329722722,1.6807582032494397,1.6538228735266014,1.6268875438037693,1.5999522140809175,1.5730168843580672,1.546081554635238,1.5191462249123888,1.4922108951895576,seasonal_naive_full,c26c6687abdb861870f515d417edac5ac702e2cc,NVIDIA RTX 2000 Ada Generation Laptop GPU,0.0,5.067,0.22076192374119835,0.6415238474823967,0.6415238474823967,0.6415238474823967,0.6415238474823967,0.0,1.2014638390970025,1.1453384608535293,1.1593698054143622,1.1734011499752648,1.1874324945361308,1.2014638390970005,1.2154951836578842,1.229526528218754,1.2435578727796115,1.257589217340485,0.6672313006509895,0.7121628802975903,0.7009299853859428,0.6896970904742927,0.6784641955626454,0.6672313006509898,0.6559984057393348,0.6447655108276886,0.633532615916034,0.622299721004387,0.6672313006509898,1.5826190763078472,1.257003910101103,1.5999522140809175,1.6763314026534362,0.8541762762447778,SeasonalNaivePredictor
seasonal_naive,autogluon/chronos_datasets,monash_hospital,12,1,-12,12,1,,12,MASE,['WQL'],"[0.1, 0.2, 0.3, 0.4, 0.5, 0.6, 0.7, 0.8, 0.9]",id,timestamp,target,,[],[],[],monash_hospital,0.9205278266364826,,0.22664979996625334,767,624a20881cba7608,False,0.9.0,0.9205278266364826,0.07262633732682541,0.07894808460286919,0.07736764778385864,0.07578721096484721,0.07420677414583655,0.07262633732682543,0.07104590050781438,0.06946546368880364,0.06788502686979223,0.06630459005078146,seasonal_naive_full,c26c6687abdb861870f515d417edac5ac702e2cc,NVIDIA RTX 2000 Ada Generation Laptop GPU,0.0,2.802,0.46077792264232936,0.039222077357670575,0.039222077357670575,0.039222077357670575,0.039222077357670575,0.0,0.9205278266364808,0.9580492202388735,0.9486688718382776,0.9392885234376754,0.9299081750370763,0.920527826636482,0.9111474782358814,0.9017671298352858,0.8923867814346866,0.8830064330340889,20.00597566275532,21.747392438070342,21.3120382442417,20.876684050412806,20.44132985658413,20.005975662755322,19.57062146892654,19.135267275097842,18.699913081268953,18.264558887440245,20.005975662755322,58.85641213174792,0.9687813693894516,0.07262633732682543,0.21025354304471888,0.2330713913585077,SeasonalNaivePredictor
seasonal_naive,autogluon/chronos_datasets,monash_cif_2016,12,1,-12,12,1,,12,MASE,['WQL'],"[0.1, 0.2, 0.3, 0.4, 0.5, 0.6, 0.7, 0.8, 0.9]",id,timestamp,target,,[],[],[],monash_cif_2016,1.2892905774155439,,0.027758900017943233,72,6774a94e82fc4a86,False,0.9.0,1.2892905774155439,0.015083040908992179,0.021937690034442747,0.0202240277530801,0.01851036547171746,0.01679670319035482,0.015083040908992179,0.013369378627629542,0.01165571634626691,0.009942054064904246,0.00822839178354161,seasonal_naive_full,c26c6687abdb861870f515d417edac5ac702e2cc,NVIDIA RTX 2000 Ada Generation Laptop GPU,0.0,1.525,0.49999999999999994,0.0,0.0,0.0,0.0,0.0,1.2892905774155432,1.2375121230571677,1.2504567366467614,1.2634013502363546,1.276345963825948,1.2892905774155443,1.3022351910051395,1.3151798045947314,1.328124418184325,1.3410690317739176,650535.6690047621,946178.5557093536,872267.8340332056,798357.1123570579,724446.39068091,650535.6690047622,576624.9473286145,502714.22565246705,428803.5039763183,354892.7823001706,650535.6690047622,2964265.661998045,1.6370164645961327,0.015083040908992179,0.18871710618675172,0.24974018223185915,SeasonalNaivePredictor
seasonal_naive,autogluon/chronos_datasets,monash_m1_yearly,6,1,-6,6,1,,1,MASE,['WQL'],"[0.1, 0.2, 0.3, 0.4, 0.5, 0.6, 0.7, 0.8, 0.9]",id,timestamp,target,,[],[],[],monash_m1_yearly,4.894322225232431,,0.05833560001337901,181,0a830afdc2028b0f,False,0.9.0,4.894322225232431,0.2092955931101783,0.057984027753806455,0.09581191909289934,0.13363981043199238,0.17146770177108508,0.2092955931101792,0.24712348444927124,0.2849513757883644,0.32277926712745647,0.36060715846654995,seasonal_naive_full,c26c6687abdb861870f515d417edac5ac702e2cc,NVIDIA RTX 2000 Ada Generation Laptop GPU,0.0,1.747,0.49999999999999994,0.0,0.0,0.0,0.0,0.0,4.894322225232429,1.7092167090343626,2.5054930880838775,3.301769467133394,4.098045846182919,4.894322225232424,5.690598604281948,6.4868749833314565,7.283151362380993,8.079427741430495,173458.54188661696,48055.59810135951,79406.33404767381,110757.06999398825,142107.80594030238,173458.5418866177,204809.2778329313,236160.0137792458,267510.74972555944,298861.48567187425,173458.54188661688,1373524.6320314708,7.000430837319989,0.2092955931101782,0.22432239051304134,0.21071342392181844,SeasonalNaivePredictor
seasonal_naive,autogluon/chronos_datasets,monash_m1_quarterly,8,1,-8,8,1,,4,MASE,['WQL'],"[0.1, 0.2, 0.3, 0.4, 0.5, 0.6, 0.7, 0.8, 0.9]",id,timestamp,target,,[],[],[],monash_m1_quarterly,2.077536550805995,,0.06787020002957433,203,d0b672d902c398ec,False,0.9.0,2.077536550805995,0.14950220628656236,0.06478471324871152,0.08596408650817426,0.10714345976763691,0.1283228330270996,0.14950220628656233,0.17068157954602528,0.19186095280548743,0.21304032606495035,0.23421969932441344,seasonal_naive_full,c26c6687abdb861870f515d417edac5ac702e2cc,NVIDIA RTX 2000 Ada Generation Laptop GPU,0.0,1.848,0.49384236453201974,0.006157635467980296,0.006157635467980296,0.006157635467980296,0.006157635467980296,0.0,2.0775365508059966,1.1625590302255415,1.3913034103706539,1.620047790515766,1.8487921706608825,2.077536550806001,2.306280930951109,2.5350253110962226,2.7637696912413414,2.9925140713864513,2745.5093202997455,1189.728489333144,1578.673697074795,1967.6189048164445,2356.564112558094,2745.5093202997455,3134.4545280414,3523.3997357830403,3912.344943524695,4301.290151266352,2745.5093202997427,14957.455791186692,2.5004685657457517,0.1495022062865622,0.1894373904061101,0.20361857282433674,SeasonalNaivePredictor
seasonal_naive,autogluon/chronos_datasets,monash_m1_monthly,18,1,-18,18,1,,12,MASE,['WQL'],"[0.1, 0.2, 0.3, 0.4, 0.5, 0.6, 0.7, 0.8, 0.9]",id,timestamp,target,,[],[],[],monash_m1_monthly,1.3144614957646545,,0.18506970000453293,617,def911ebb3dcee63,False,0.9.0,1.3144614957646545,0.1914632595030146,0.20098297554140226,0.19860304653180755,0.19622311752220917,0.19384318851261165,0.19146325950301388,0.1890833304934184,0.18670340148381978,0.18432347247422282,0.18194354346462563,seasonal_naive_full,c26c6687abdb861870f515d417edac5ac702e2cc,NVIDIA RTX 2000 Ada Generation Laptop GPU,0.0,2.65,0.49531784620925623,0.004682153790743742,0.004682153790743742,0.004682153790743742,0.004682153790743742,0.0,1.3144614957646543,0.9728757024684007,1.058272150792464,1.1436685991165285,1.2290650474405898,1.314461495764655,1.399857944088717,1.485254392412777,1.5706508407368445,1.656047289060912,2011.954973810106,2111.991085607275,2086.982057658006,2061.9730297086985,2036.9640017593997,2011.9549738100986,1986.9459458608217,1961.9369179115115,1936.9278899622188,1911.918862012924,2011.954973810109,22640.972249757368,1.450152892131643,0.19146325950301488,0.17309377227946623,0.1877432740180193,SeasonalNaivePredictor
seasonal_naive,autogluon/chronos_datasets,monash_m3_monthly,18,1,-18,18,1,,12,MASE,['WQL'],"[0.1, 0.2, 0.3, 0.4, 0.5, 0.6, 0.7, 0.8, 0.9]",id,timestamp,target,,[],[],[],monash_m3_monthly,1.1462045758327934,,0.4241644000285305,1428,3c048c177c4d90d8,False,0.9.0,1.1462045758327934,0.14854460075549897,0.13103558435428814,0.13541283845459104,0.13979009255489383,0.14416734665519687,0.14854460075549916,0.15292185485580143,0.1572991089561041,0.16167636305640704,0.16605361715670916,seasonal_naive_full,c26c6687abdb861870f515d417edac5ac702e2cc,NVIDIA RTX 2000 Ada Generation Laptop GPU,0.0,3.725,0.49210239651416127,0.00789760348583878,0.00789760348583878,0.00789760348583878,0.00789760348583878,0.0,1.1462045758327937,0.8417067458451394,0.9178312033420613,0.9939556608389649,1.0700801183358888,1.1462045758327917,1.2223290333297117,1.2984534908266128,1.3745779483235376,1.450702405820434,788.9528405999158,695.9586277130874,719.2071809347956,742.4557341565031,765.7042873782119,788.9528405999168,812.2013938216215,835.4499470433285,858.6985002650368,881.9470534867407,788.9528405999172,1415.5045956456895,1.267332542994626,0.14854460075549922,0.17239101532428538,0.20933919962171751,SeasonalNaivePredictor
seasonal_naive,autogluon/chronos_datasets,monash_m3_yearly,6,1,-6,6,1,,1,MASE,['WQL'],"[0.1, 0.2, 0.3, 0.4, 0.5, 0.6, 0.7, 0.8, 0.9]",id,timestamp,target,,[],[],[],monash_m3_yearly,3.1717102364409513,,0.18898279999848455,645,dee2eddb804496cf,False,0.9.0,3.1717102364409513,0.16653296504200477,0.11479139672121559,0.12772678880141267,0.14066218088161064,0.15359757296180737,0.16653296504200477,0.17946835712220216,0.19240374920239864,0.20533914128259703,0.21827453336279393,seasonal_naive_full,c26c6687abdb861870f515d417edac5ac702e2cc,NVIDIA RTX 2000 Ada Generation Laptop GPU,0.0,2.51,0.4979328165374677,0.0020671834625322996,0.0020671834625322996,0.0020671834625322996,0.0020671834625322996,0.0,3.171710236440954,1.8013929907731412,2.143972302190093,2.48655161360705,2.8291309250239984,3.171710236440959,3.514289547857909,3.856868859274857,4.1994481706918085,4.542027482108769,1025.8424936271094,707.1146101898108,786.7965810491341,866.478551908463,946.1605227677842,1025.8424936271094,1105.5244644864347,1185.2064353457542,1264.8884062050856,1344.570377064408,1025.8424936271097,1652.9559196885996,3.8237499372313883,0.16653296504200482,0.17879890473670312,0.2088143404678912,SeasonalNaivePredictor
seasonal_naive,autogluon/chronos_datasets,monash_m3_quarterly,8,1,-8,8,1,,4,MASE,['WQL'],"[0.1, 0.2, 0.3, 0.4, 0.5, 0.6, 0.7, 0.8, 0.9]",id,timestamp,target,,[],[],[],monash_m3_quarterly,1.425343793700714,,0.21873429999686778,756,45ad969182a48e63,False,0.9.0,1.425343793700714,0.10125205298061608,0.07618171273272648,0.0824492977946991,0.08871688285667124,0.09498446791864376,0.10125205298061606,0.10751963804258811,0.11378722310456106,0.12005480816653322,0.12632239322850586,seasonal_naive_full,c26c6687abdb861870f515d417edac5ac702e2cc,NVIDIA RTX 2000 Ada Generation Laptop GPU,0.0,2.709,0.4985119047619048,0.001488095238095238,0.001488095238095238,0.001488095238095238,0.001488095238095238,0.0,1.4253437937007143,0.9322526795092305,1.0555254580571005,1.1787982366049732,1.3020710151528452,1.425343793700715,1.5486165722485854,1.6718893507964534,1.795162129344336,1.9184349078921892,586.2239699477745,441.07299319797056,477.36073738542285,513.6484815728724,549.936225760324,586.2239699477743,622.5117141352233,658.7994583226774,695.087202510127,731.3749466975794,586.2239699477747,1027.0326692122962,1.6716655165724252,0.10125205298061611,0.11065131338106926,0.13719761643349407,SeasonalNaivePredictor
