dataset,tensor,bits,rho_median,inq,open_delta64,rtn_channel,rtn_token,gain_bits_measured,gain_bits_theory_lag1
ercot,k_pre_rope,2,0.40548956394195557,0.08628141321241856,2.760949785510699,0.0728306407108903,0.23185405880212784,-0.12225213488182823,0.1295766090654763
ercot,k_pre_rope,3,0.40548956394195557,0.015820024573865037,0.40321461111307144,0.013068209790314237,0.043160171868900456,-0.1378451602245356,0.1295766090654763
ercot,k_pre_rope,4,0.40548956394195557,0.003430804703384638,0.08590477301428716,0.0028223979849523553,0.009349792885283629,-0.1408127838182336,0.1295766090654763
ercot,v,2,0.1898655965924263,0.1940027823050817,8.335514386494955,0.17799582021931806,0.2519523079196612,-0.062116989762012756,0.026484099822252978
ercot,v,3,0.1898655965924263,0.03576677447805802,1.2791929493347804,0.032253596310814224,0.045524003294607006,-0.07457999370367127,0.026484099822252978
ercot,v,4,0.1898655965924263,0.007743829977698624,0.27526408558090526,0.0070103849478376406,0.009867074511324367,-0.0717768055086154,0.026484099822252978
exchange_rate,k_pre_rope,2,0.5823710858821869,0.07792222655067842,1.7181113809347153,0.07252843088159959,0.22725765655438104,-0.051744132188641004,0.2988092631985288
exchange_rate,k_pre_rope,3,0.5823710858821869,0.01431406537691752,0.28574234433472157,0.013053745962679386,0.04210602461049954,-0.06648480272630565,0.2988092631985288
exchange_rate,k_pre_rope,4,0.5823710858821869,0.003109079805047562,0.061601297774662576,0.0028270093316677958,0.009176992423211535,-0.0686055017180721,0.2988092631985288
exchange_rate,v,2,0.45854590833187103,0.17735432585080466,5.666742304960887,0.17853929164508978,0.26540879035989445,0.004803543835350967,0.17027913872638403
exchange_rate,v,3,0.45854590833187103,0.03269872317711512,0.9648484537998835,0.032493577959636845,0.048554774994651474,-0.004539845344485454,0.17027913872638403
exchange_rate,v,4,0.45854590833187103,0.007099183450918645,0.20962333244582018,0.007067042655156304,0.010668293883403143,-0.0032732391727523483,0.17027913872638403
monash_covid_deaths,k_pre_rope,2,0.4133784770965576,0.05325789159784714,0.8736069053411484,0.03926169717063507,0.24029038101434708,-0.21993638888284403,0.13517512299213144
monash_covid_deaths,k_pre_rope,3,0.4133784770965576,0.010287549579516053,0.1021366777519385,0.007180351531133056,0.04392018417517344,-0.2593865010499213,0.13517512299213144
monash_covid_deaths,k_pre_rope,4,0.4133784770965576,0.0022106295897780606,0.018725653334210317,0.0015626304569498946,0.009561256311523417,-0.250240335205317,0.13517512299213144
monash_covid_deaths,v,2,0.40638071298599243,0.0719884168356657,0.7518205965558687,0.07290519090990226,0.27683427433172864,0.009128374131900915,0.13020146875804828
monash_covid_deaths,v,3,0.40638071298599243,0.014433455963929495,0.11792890603343646,0.013321076209346453,0.05123567394912243,-0.05785306970428899,0.13020146875804828
monash_covid_deaths,v,4,0.40638071298599243,0.0031103225774131715,0.025102063703040283,0.0028989068620527783,0.01116709791434308,-0.05077761521365736,0.13020146875804828
monash_hospital,k_pre_rope,2,-0.09749201312661171,0.0289463900650541,0.14858977124094963,0.023579724909116823,0.2575522984067599,-0.1479182760358702,0.006888977372751344
monash_hospital,k_pre_rope,3,-0.09749201312661171,0.007168103164682786,0.023365137555326026,0.0043997232569381595,0.047931491707762085,-0.3520893100750759,0.006888977372751344
monash_hospital,k_pre_rope,4,-0.09749201312661171,0.0015358360154399027,0.004932951104516785,0.0009506978191590557,0.010388021900629004,-0.34598271424038024,0.006888977372751344
monash_hospital,v,2,-0.09754542261362076,0.035078890000780426,0.1533911886314551,0.04167137683058778,0.24518169711033502,0.12422683518369979,0.006896563686321396
monash_hospital,v,3,-0.09754542261362076,0.00939018935120354,0.02750876530384024,0.007577935233712196,0.04532642476260662,-0.1546747200943219,0.006896563686321396
monash_hospital,v,4,-0.09754542261362076,0.002004729506249229,0.006045734354605277,0.0016517469484824687,0.00984799520423015,-0.13970745536220458,0.006896563686321396
monash_m1_quarterly,k_pre_rope,2,-0.13920142501592636,0.022258672397583723,0.08562445143858592,0.020732373852903645,0.2545765998462836,-0.05124111626398543,0.014114774620379963
monash_m1_quarterly,k_pre_rope,3,-0.13920142501592636,0.00624486474165072,0.014783952850848436,0.003863925851571063,0.04716345760971308,-0.34630145770643295,0.014114774620379963
monash_m1_quarterly,k_pre_rope,4,-0.13920142501592636,0.0013334995019249618,0.003286616178229451,0.0008356517791980878,0.010211991689478358,-0.33712174626711106,0.014114774620379963
monash_m1_quarterly,v,2,-0.09836505725979805,0.02525156581153472,0.08021142054349184,0.03376518748700619,0.2580348340173562,0.2095818591822548,0.007013516283424942
monash_m1_quarterly,v,3,-0.09836505725979805,0.007589685420195262,0.014697121378655234,0.006111289335725208,0.04764443294455608,-0.15628165165459137,0.007013516283424942
monash_m1_quarterly,v,4,-0.09836505725979805,0.0016203699633479118,0.003214553347788751,0.0013273772104488064,0.010310356660435597,-0.1438724185737401,0.007013516283424942
