dataset,method,position,rel_sq_err
ercot,inq_closed,0,3.400832792976871e-05
ercot,inq_closed,1,0.015984270721673965
ercot,inq_closed,2,0.015985596925020218
ercot,inq_closed,3,0.015636801719665527
ercot,inq_closed,4,0.016034359112381935
ercot,inq_closed,5,0.015880899503827095
ercot,inq_closed,6,0.01583418808877468
ercot,inq_closed,7,0.016022291034460068
ercot,inq_closed,8,0.016016293317079544
ercot,inq_closed,9,0.01590871252119541
ercot,inq_closed,10,0.016048531979322433
ercot,inq_closed,11,0.0159489456564188
ercot,inq_closed,12,0.016062108799815178
ercot,inq_closed,13,0.015845270827412605
ercot,inq_closed,14,0.016038628295063972
ercot,inq_closed,15,0.015950175002217293
ercot,inq_closed,16,0.015975849702954292
ercot,inq_closed,17,0.01586291380226612
ercot,inq_closed,18,0.015865294262766838
ercot,inq_closed,19,0.016057394444942474
ercot,inq_closed,20,0.01594594679772854
ercot,inq_closed,21,0.01597891002893448
ercot,inq_closed,22,0.016146209090948105
ercot,inq_closed,23,0.016049569472670555
ercot,inq_closed,24,0.01619887724518776
ercot,inq_closed,25,0.016044413670897484
ercot,inq_closed,26,0.015905281528830528
ercot,inq_closed,27,0.01584530808031559
ercot,inq_closed,28,0.016035348176956177
ercot,inq_closed,29,0.01595173589885235
ercot,inq_closed,30,0.01601826399564743
ercot,inq_closed,31,0.01589014194905758
ercot,inq_closed,32,0.015961728990077972
ercot,inq_closed,33,0.016085969284176826
ercot,inq_closed,34,0.01591506041586399
ercot,inq_closed,35,0.016026675701141357
ercot,inq_closed,36,0.016084695234894753
ercot,inq_closed,37,0.015905184671282768
ercot,inq_closed,38,0.016035204753279686
ercot,inq_closed,39,0.015968503430485725
ercot,inq_closed,40,0.016004161909222603
ercot,inq_closed,41,0.01599840633571148
ercot,inq_closed,42,0.01595292240381241
ercot,inq_closed,43,0.015911757946014404
ercot,inq_closed,44,0.015913669019937515
ercot,inq_closed,45,0.015960711985826492
ercot,inq_closed,46,0.01596960797905922
ercot,inq_closed,47,0.015840182080864906
ercot,inq_closed,48,0.015846341848373413
ercot,inq_closed,49,0.01598815619945526
ercot,inq_closed,50,0.015952281653881073
ercot,inq_closed,51,0.016047922894358635
ercot,inq_closed,52,0.015809006989002228
ercot,inq_closed,53,0.01607239432632923
ercot,inq_closed,54,0.01588134653866291
ercot,inq_closed,55,0.01600567065179348
ercot,inq_closed,56,0.016056982800364494
ercot,inq_closed,57,0.01581103727221489
ercot,inq_closed,58,0.015834800899028778
ercot,inq_closed,59,0.015801670029759407
ercot,inq_closed,60,0.01595066301524639
ercot,inq_closed,61,0.015847474336624146
ercot,inq_closed,62,0.015963712707161903
ercot,inq_closed,63,0.01590016670525074
ercot,inq_closed,64,0.016095364466309547
ercot,inq_closed,65,0.01580224372446537
ercot,inq_closed,66,0.0158517025411129
ercot,inq_closed,67,0.01592719368636608
ercot,inq_closed,68,0.01593000255525112
ercot,inq_closed,69,0.015946241095662117
ercot,inq_closed,70,0.01586022414267063
ercot,inq_closed,71,0.016085004433989525
ercot,inq_closed,72,0.015847258269786835
ercot,inq_closed,73,0.01595732383430004
ercot,inq_closed,74,0.015963660553097725
ercot,inq_closed,75,0.016118666157126427
ercot,inq_closed,76,0.015906693413853645
ercot,inq_closed,77,0.015963183715939522
ercot,inq_closed,78,0.015939408913254738
ercot,inq_closed,79,0.015832750126719475
ercot,inq_closed,80,0.01596980355679989
ercot,inq_closed,81,0.01589617319405079
ercot,inq_closed,82,0.01595940627157688
ercot,inq_closed,83,0.0159583892673254
ercot,inq_closed,84,0.016056858003139496
ercot,inq_closed,85,0.01590222679078579
ercot,inq_closed,86,0.01598050445318222
ercot,inq_closed,87,0.01595882512629032
ercot,inq_closed,88,0.015930207446217537
ercot,inq_closed,89,0.015980882570147514
ercot,inq_closed,90,0.015909267589449883
ercot,inq_closed,91,0.016014697030186653
ercot,inq_closed,92,0.01589812897145748
ercot,inq_closed,93,0.01596044935286045
ercot,inq_closed,94,0.015839478000998497
ercot,inq_closed,95,0.01595781184732914
ercot,inq_closed,96,0.015854211524128914
ercot,inq_closed,97,0.015829870477318764
ercot,inq_closed,98,0.015864290297031403
ercot,inq_closed,99,0.01580042392015457
ercot,inq_closed,100,0.01585242711007595
ercot,inq_closed,101,0.015995914116501808
ercot,inq_closed,102,0.015827206894755363
ercot,inq_closed,103,0.015968259423971176
ercot,inq_closed,104,0.015837864950299263
ercot,inq_closed,105,0.015851281583309174
ercot,inq_closed,106,0.015972953289747238
ercot,inq_closed,107,0.015995707362890244
ercot,inq_closed,108,0.015969060361385345
ercot,inq_closed,109,0.016090674325823784
ercot,inq_closed,110,0.0158945731818676
ercot,inq_closed,111,0.015942072495818138
ercot,inq_closed,112,0.01578873209655285
ercot,inq_closed,113,0.015821684151887894
ercot,inq_closed,114,0.015882836654782295
ercot,inq_closed,115,0.015844838693737984
ercot,inq_closed,116,0.016038047149777412
ercot,inq_closed,117,0.015934167429804802
ercot,inq_closed,118,0.015894941985607147
ercot,inq_closed,119,0.01581028290092945
ercot,inq_closed,120,0.015939055010676384
ercot,inq_closed,121,0.015991047024726868
ercot,inq_closed,122,0.015749938786029816
ercot,inq_closed,123,0.01596299558877945
ercot,inq_closed,124,0.01598764955997467
ercot,inq_closed,125,0.015799028798937798
ercot,inq_closed,126,0.015983102843165398
ercot,inq_closed,127,0.015862740576267242
ercot,inq_closed,128,0.016330977901816368
ercot,inq_closed,129,0.01575596258044243
ercot,inq_closed,130,0.015991797670722008
ercot,open_loop,0,3.400832792976871e-05
ercot,open_loop,1,0.018849940970540047
ercot,open_loop,2,0.037696439772844315
ercot,open_loop,3,0.05731832981109619
ercot,open_loop,4,0.07744330912828445
ercot,open_loop,5,0.09836190938949585
ercot,open_loop,6,0.11978716403245926
ercot,open_loop,7,0.14298605918884277
ercot,open_loop,8,0.16465917229652405
ercot,open_loop,9,0.1867174506187439
ercot,open_loop,10,0.20977652072906494
ercot,open_loop,11,0.23294782638549805
ercot,open_loop,12,0.25880178809165955
ercot,open_loop,13,0.28555765748023987
ercot,open_loop,14,0.3087499439716339
ercot,open_loop,15,0.33792582154273987
ercot,open_loop,16,0.3667433559894562
ercot,open_loop,17,0.396319180727005
ercot,open_loop,18,0.42675915360450745
ercot,open_loop,19,0.4560168981552124
ercot,open_loop,20,0.480129599571228
ercot,open_loop,21,0.49857020378112793
ercot,open_loop,22,0.5179998278617859
ercot,open_loop,23,0.5441648364067078
ercot,open_loop,24,0.5677558779716492
ercot,open_loop,25,0.5938321352005005
ercot,open_loop,26,0.6249711513519287
ercot,open_loop,27,0.657198965549469
ercot,open_loop,28,0.6934689879417419
ercot,open_loop,29,0.7258243560791016
ercot,open_loop,30,0.7574865818023682
ercot,open_loop,31,0.7885468006134033
ercot,open_loop,32,0.8202961087226868
ercot,open_loop,33,0.8549807667732239
ercot,open_loop,34,0.8866698741912842
ercot,open_loop,35,0.9187206625938416
ercot,open_loop,36,0.9545215964317322
ercot,open_loop,37,0.9911694526672363
ercot,open_loop,38,1.0241081714630127
ercot,open_loop,39,1.0593647956848145
ercot,open_loop,40,1.093481421470642
ercot,open_loop,41,1.1171928644180298
ercot,open_loop,42,1.158699870109558
ercot,open_loop,43,1.19296395778656
ercot,open_loop,44,1.235175371170044
ercot,open_loop,45,1.2768338918685913
ercot,open_loop,46,1.3163763284683228
ercot,open_loop,47,1.3598912954330444
ercot,open_loop,48,1.4066509008407593
ercot,open_loop,49,1.4364069700241089
ercot,open_loop,50,1.4685724973678589
ercot,open_loop,51,1.5150920152664185
ercot,open_loop,52,1.5531967878341675
ercot,open_loop,53,1.592089295387268
ercot,open_loop,54,1.6356028318405151
ercot,open_loop,55,1.676520824432373
ercot,open_loop,56,1.7278590202331543
ercot,open_loop,57,1.785857081413269
ercot,open_loop,58,1.8397270441055298
ercot,open_loop,59,1.89067804813385
ercot,open_loop,60,1.9474908113479614
ercot,open_loop,61,2.0073015689849854
ercot,open_loop,62,2.0410609245300293
ercot,open_loop,63,2.081843376159668
ercot,open_loop,64,2.121358633041382
ercot,open_loop,65,2.1650195121765137
ercot,open_loop,66,2.223811388015747
ercot,open_loop,67,2.280240297317505
ercot,open_loop,68,2.3252108097076416
ercot,open_loop,69,2.3807172775268555
ercot,open_loop,70,2.4468531608581543
ercot,open_loop,71,2.5050361156463623
ercot,open_loop,72,2.5582711696624756
ercot,open_loop,73,2.6208183765411377
ercot,open_loop,74,2.677396774291992
ercot,open_loop,75,2.7353971004486084
ercot,open_loop,76,2.797927141189575
ercot,open_loop,77,2.851163148880005
ercot,open_loop,78,2.915285110473633
ercot,open_loop,79,2.9652798175811768
ercot,open_loop,80,3.028397798538208
ercot,open_loop,81,3.1007416248321533
ercot,open_loop,82,3.169269323348999
ercot,open_loop,83,3.2162208557128906
ercot,open_loop,84,3.2585535049438477
ercot,open_loop,85,3.3117668628692627
ercot,open_loop,86,3.3690459728240967
ercot,open_loop,87,3.4470441341400146
ercot,open_loop,88,3.5139591693878174
ercot,open_loop,89,3.5834848880767822
ercot,open_loop,90,3.6547555923461914
ercot,open_loop,91,3.727848768234253
ercot,open_loop,92,3.7952396869659424
ercot,open_loop,93,3.878070831298828
ercot,open_loop,94,3.9601049423217773
ercot,open_loop,95,4.041489601135254
ercot,open_loop,96,4.12375020980835
ercot,open_loop,97,4.1901164054870605
ercot,open_loop,98,4.270179271697998
ercot,open_loop,99,4.36030387878418
ercot,open_loop,100,4.427397727966309
ercot,open_loop,101,4.5043044090271
ercot,open_loop,102,4.592634677886963
ercot,open_loop,103,4.648147106170654
ercot,open_loop,104,4.692532062530518
ercot,open_loop,105,4.75875997543335
ercot,open_loop,106,4.8364715576171875
ercot,open_loop,107,4.910866737365723
ercot,open_loop,108,4.973403453826904
ercot,open_loop,109,5.042918682098389
ercot,open_loop,110,5.110312461853027
ercot,open_loop,111,5.189682483673096
ercot,open_loop,112,5.2676777839660645
ercot,open_loop,113,5.348578929901123
ercot,open_loop,114,5.45734977722168
ercot,open_loop,115,5.541215896606445
ercot,open_loop,116,5.643562316894531
ercot,open_loop,117,5.748971462249756
ercot,open_loop,118,5.831282138824463
ercot,open_loop,119,5.94409704208374
ercot,open_loop,120,6.065912246704102
ercot,open_loop,121,6.154725551605225
ercot,open_loop,122,6.251239776611328
ercot,open_loop,123,6.350841522216797
ercot,open_loop,124,6.407632350921631
ercot,open_loop,125,6.479739665985107
ercot,open_loop,126,6.577615261077881
ercot,open_loop,127,6.650501251220703
ercot,open_loop,128,6.669116973876953
ercot,open_loop,129,6.68798303604126
ercot,open_loop,130,6.760185241699219
exchange_rate,inq_closed,0,3.3419997635064647e-05
exchange_rate,inq_closed,1,0.014469736255705357
exchange_rate,inq_closed,2,0.01428383681923151
exchange_rate,inq_closed,3,0.014318636618554592
exchange_rate,inq_closed,4,0.014482778497040272
exchange_rate,inq_closed,5,0.014352758415043354
exchange_rate,inq_closed,6,0.014376782812178135
exchange_rate,inq_closed,7,0.014347762800753117
exchange_rate,inq_closed,8,0.014406144618988037
exchange_rate,inq_closed,9,0.014328986406326294
exchange_rate,inq_closed,10,0.014324654825031757
exchange_rate,inq_closed,11,0.014399663545191288
exchange_rate,inq_closed,12,0.014537406153976917
exchange_rate,inq_closed,13,0.01446841936558485
exchange_rate,inq_closed,14,0.014492496848106384
exchange_rate,inq_closed,15,0.014438017271459103
exchange_rate,inq_closed,16,0.014370710588991642
exchange_rate,inq_closed,17,0.014368240721523762
exchange_rate,inq_closed,18,0.01440818328410387
exchange_rate,inq_closed,19,0.014416594989597797
exchange_rate,inq_closed,20,0.014416572637856007
exchange_rate,inq_closed,21,0.014561147429049015
exchange_rate,inq_closed,22,0.014402090571820736
exchange_rate,inq_closed,23,0.014488638378679752
exchange_rate,inq_closed,24,0.014402206055819988
exchange_rate,inq_closed,25,0.014596633613109589
exchange_rate,inq_closed,26,0.014289864338934422
exchange_rate,inq_closed,27,0.014475889503955841
exchange_rate,inq_closed,28,0.014492125250399113
exchange_rate,inq_closed,29,0.014522033743560314
exchange_rate,inq_closed,30,0.014459646306931973
exchange_rate,inq_closed,31,0.0144444415345788
exchange_rate,inq_closed,32,0.014432832598686218
exchange_rate,inq_closed,33,0.014334511943161488
exchange_rate,inq_closed,34,0.014474841766059399
exchange_rate,inq_closed,35,0.014446469955146313
exchange_rate,inq_closed,36,0.014238261617720127
exchange_rate,inq_closed,37,0.01446304190903902
exchange_rate,inq_closed,38,0.01440149825066328
exchange_rate,inq_closed,39,0.014416850171983242
exchange_rate,inq_closed,40,0.014416355639696121
exchange_rate,inq_closed,41,0.014359314925968647
exchange_rate,inq_closed,42,0.01444889698177576
exchange_rate,inq_closed,43,0.014438497833907604
exchange_rate,inq_closed,44,0.014413672499358654
exchange_rate,inq_closed,45,0.014476466923952103
exchange_rate,inq_closed,46,0.014346026815474033
exchange_rate,inq_closed,47,0.014462937600910664
exchange_rate,inq_closed,48,0.014369748532772064
exchange_rate,inq_closed,49,0.014410042203962803
exchange_rate,inq_closed,50,0.014485388994216919
exchange_rate,inq_closed,51,0.014525995589792728
exchange_rate,inq_closed,52,0.014518726617097855
exchange_rate,inq_closed,53,0.014376179315149784
exchange_rate,inq_closed,54,0.014417403377592564
exchange_rate,inq_closed,55,0.014563842676579952
exchange_rate,inq_closed,56,0.01437463890761137
exchange_rate,inq_closed,57,0.014411021023988724
exchange_rate,inq_closed,58,0.014443975873291492
exchange_rate,inq_closed,59,0.014336787164211273
exchange_rate,inq_closed,60,0.014454959891736507
exchange_rate,inq_closed,61,0.01441742479801178
exchange_rate,inq_closed,62,0.014359034597873688
exchange_rate,inq_closed,63,0.014535960741341114
exchange_rate,inq_closed,64,0.014540494419634342
exchange_rate,inq_closed,65,0.014351784251630306
exchange_rate,inq_closed,66,0.01442745327949524
exchange_rate,inq_closed,67,0.014340768568217754
exchange_rate,inq_closed,68,0.014369752258062363
exchange_rate,inq_closed,69,0.014376148581504822
exchange_rate,inq_closed,70,0.014496360905468464
exchange_rate,inq_closed,71,0.014325485564768314
exchange_rate,inq_closed,72,0.01438662689179182
exchange_rate,inq_closed,73,0.014468316920101643
exchange_rate,inq_closed,74,0.01437535509467125
exchange_rate,inq_closed,75,0.014329765923321247
exchange_rate,inq_closed,76,0.014418761245906353
exchange_rate,inq_closed,77,0.01445381622761488
exchange_rate,inq_closed,78,0.014403610490262508
exchange_rate,inq_closed,79,0.014544333331286907
exchange_rate,inq_closed,80,0.014404654502868652
exchange_rate,inq_closed,81,0.014401827938854694
exchange_rate,inq_closed,82,0.01434940006583929
exchange_rate,inq_closed,83,0.014543116092681885
exchange_rate,inq_closed,84,0.014487785287201405
exchange_rate,inq_closed,85,0.014417242258787155
exchange_rate,inq_closed,86,0.014346621930599213
exchange_rate,inq_closed,87,0.014357555657625198
exchange_rate,inq_closed,88,0.014441724866628647
exchange_rate,inq_closed,89,0.014408090151846409
exchange_rate,inq_closed,90,0.01442039292305708
exchange_rate,inq_closed,91,0.01445592287927866
exchange_rate,inq_closed,92,0.014528069645166397
exchange_rate,inq_closed,93,0.014417994767427444
exchange_rate,inq_closed,94,0.014372282661497593
exchange_rate,inq_closed,95,0.014435979537665844
exchange_rate,inq_closed,96,0.01451520249247551
exchange_rate,inq_closed,97,0.014352920465171337
exchange_rate,inq_closed,98,0.014510121196508408
exchange_rate,inq_closed,99,0.014462146908044815
exchange_rate,inq_closed,100,0.01429731398820877
exchange_rate,inq_closed,101,0.014344739727675915
exchange_rate,inq_closed,102,0.01444187480956316
exchange_rate,inq_closed,103,0.014419443905353546
exchange_rate,inq_closed,104,0.014410126954317093
exchange_rate,inq_closed,105,0.014370807446539402
exchange_rate,inq_closed,106,0.014357094652950764
exchange_rate,inq_closed,107,0.014434064738452435
exchange_rate,inq_closed,108,0.014501426368951797
exchange_rate,inq_closed,109,0.014417947269976139
exchange_rate,inq_closed,110,0.014473374001681805
exchange_rate,inq_closed,111,0.01447077002376318
exchange_rate,inq_closed,112,0.014339002780616283
exchange_rate,inq_closed,113,0.014381315559148788
exchange_rate,inq_closed,114,0.014430590905249119
exchange_rate,inq_closed,115,0.014565736055374146
exchange_rate,inq_closed,116,0.014450634829699993
exchange_rate,inq_closed,117,0.01446897629648447
exchange_rate,inq_closed,118,0.014405128546059132
exchange_rate,inq_closed,119,0.014402179978787899
exchange_rate,inq_closed,120,0.01435645017772913
exchange_rate,inq_closed,121,0.014445352368056774
exchange_rate,inq_closed,122,0.014303556643426418
exchange_rate,inq_closed,123,0.014511842280626297
exchange_rate,inq_closed,124,0.014398346655070782
exchange_rate,inq_closed,125,0.01451463159173727
exchange_rate,inq_closed,126,0.014431647956371307
exchange_rate,inq_closed,127,0.014560945332050323
exchange_rate,inq_closed,128,0.01459984015673399
exchange_rate,inq_closed,129,0.014243426732718945
exchange_rate,inq_closed,130,0.014407987706363201
exchange_rate,open_loop,0,3.3419997635064647e-05
exchange_rate,open_loop,1,0.015478286892175674
exchange_rate,open_loop,2,0.03126630187034607
exchange_rate,open_loop,3,0.04781896993517876
exchange_rate,open_loop,4,0.06479107588529587
exchange_rate,open_loop,5,0.081626757979393
exchange_rate,open_loop,6,0.0984635055065155
exchange_rate,open_loop,7,0.11628790944814682
exchange_rate,open_loop,8,0.13423284888267517
exchange_rate,open_loop,9,0.15422280132770538
exchange_rate,open_loop,10,0.17546848952770233
exchange_rate,open_loop,11,0.1967763751745224
exchange_rate,open_loop,12,0.21749384701251984
exchange_rate,open_loop,13,0.23659980297088623
exchange_rate,open_loop,14,0.257731169462204
exchange_rate,open_loop,15,0.27775853872299194
exchange_rate,open_loop,16,0.2992762625217438
exchange_rate,open_loop,17,0.3214572072029114
exchange_rate,open_loop,18,0.3408459424972534
exchange_rate,open_loop,19,0.36517250537872314
exchange_rate,open_loop,20,0.38980233669281006
exchange_rate,open_loop,21,0.41210809350013733
exchange_rate,open_loop,22,0.4362264573574066
exchange_rate,open_loop,23,0.45911645889282227
exchange_rate,open_loop,24,0.4873827397823334
exchange_rate,open_loop,25,0.5183109641075134
exchange_rate,open_loop,26,0.5415560603141785
exchange_rate,open_loop,27,0.5629422068595886
exchange_rate,open_loop,28,0.5865964889526367
exchange_rate,open_loop,29,0.6183680891990662
exchange_rate,open_loop,30,0.6454359889030457
exchange_rate,open_loop,31,0.6753602623939514
exchange_rate,open_loop,32,0.7064364552497864
exchange_rate,open_loop,33,0.7353315949440002
exchange_rate,open_loop,34,0.7633264660835266
exchange_rate,open_loop,35,0.7918290495872498
exchange_rate,open_loop,36,0.8235623240470886
exchange_rate,open_loop,37,0.8560546040534973
exchange_rate,open_loop,38,0.8831954598426819
exchange_rate,open_loop,39,0.9188807606697083
exchange_rate,open_loop,40,0.9502282738685608
exchange_rate,open_loop,41,0.9849252104759216
exchange_rate,open_loop,42,1.0209869146347046
exchange_rate,open_loop,43,1.053932785987854
exchange_rate,open_loop,44,1.0892807245254517
exchange_rate,open_loop,45,1.1242448091506958
exchange_rate,open_loop,46,1.157867670059204
exchange_rate,open_loop,47,1.1887181997299194
exchange_rate,open_loop,48,1.2199060916900635
exchange_rate,open_loop,49,1.2542250156402588
exchange_rate,open_loop,50,1.2810988426208496
exchange_rate,open_loop,51,1.3174630403518677
exchange_rate,open_loop,52,1.3577789068222046
exchange_rate,open_loop,53,1.3990005254745483
exchange_rate,open_loop,54,1.4370535612106323
exchange_rate,open_loop,55,1.4698514938354492
exchange_rate,open_loop,56,1.5056437253952026
exchange_rate,open_loop,57,1.5440672636032104
exchange_rate,open_loop,58,1.587681770324707
exchange_rate,open_loop,59,1.630161166191101
exchange_rate,open_loop,60,1.6754350662231445
exchange_rate,open_loop,61,1.721513271331787
exchange_rate,open_loop,62,1.7704428434371948
exchange_rate,open_loop,63,1.8112969398498535
exchange_rate,open_loop,64,1.8443752527236938
exchange_rate,open_loop,65,1.8882588148117065
exchange_rate,open_loop,66,1.9313501119613647
exchange_rate,open_loop,67,1.9779142141342163
exchange_rate,open_loop,68,2.0128936767578125
exchange_rate,open_loop,69,2.054182767868042
exchange_rate,open_loop,70,2.1012842655181885
exchange_rate,open_loop,71,2.1472647190093994
exchange_rate,open_loop,72,2.1880688667297363
exchange_rate,open_loop,73,2.244823455810547
exchange_rate,open_loop,74,2.285945177078247
exchange_rate,open_loop,75,2.3345906734466553
exchange_rate,open_loop,76,2.385091543197632
exchange_rate,open_loop,77,2.428851842880249
exchange_rate,open_loop,78,2.4774224758148193
exchange_rate,open_loop,79,2.5303568840026855
exchange_rate,open_loop,80,2.587529182434082
exchange_rate,open_loop,81,2.6433279514312744
exchange_rate,open_loop,82,2.7018470764160156
exchange_rate,open_loop,83,2.7614688873291016
exchange_rate,open_loop,84,2.8157942295074463
exchange_rate,open_loop,85,2.859400987625122
exchange_rate,open_loop,86,2.898331642150879
exchange_rate,open_loop,87,2.944288492202759
exchange_rate,open_loop,88,2.9959487915039062
exchange_rate,open_loop,89,3.0478079319000244
exchange_rate,open_loop,90,3.1107311248779297
exchange_rate,open_loop,91,3.1731178760528564
exchange_rate,open_loop,92,3.2348806858062744
exchange_rate,open_loop,93,3.287692070007324
exchange_rate,open_loop,94,3.354154586791992
exchange_rate,open_loop,95,3.4282493591308594
exchange_rate,open_loop,96,3.486356019973755
exchange_rate,open_loop,97,3.561885118484497
exchange_rate,open_loop,98,3.6177761554718018
exchange_rate,open_loop,99,3.6622838973999023
exchange_rate,open_loop,100,3.7381551265716553
exchange_rate,open_loop,101,3.794611930847168
exchange_rate,open_loop,102,3.8628904819488525
exchange_rate,open_loop,103,3.9147398471832275
exchange_rate,open_loop,104,3.9907114505767822
exchange_rate,open_loop,105,4.047022342681885
exchange_rate,open_loop,106,4.12039852142334
exchange_rate,open_loop,107,4.173849582672119
exchange_rate,open_loop,108,4.235859394073486
exchange_rate,open_loop,109,4.293370723724365
exchange_rate,open_loop,110,4.359768390655518
exchange_rate,open_loop,111,4.420399188995361
exchange_rate,open_loop,112,4.500010967254639
exchange_rate,open_loop,113,4.579177379608154
exchange_rate,open_loop,114,4.656345367431641
exchange_rate,open_loop,115,4.713995456695557
exchange_rate,open_loop,116,4.787400722503662
exchange_rate,open_loop,117,4.848659515380859
exchange_rate,open_loop,118,4.928456783294678
exchange_rate,open_loop,119,5.013295650482178
exchange_rate,open_loop,120,5.08848237991333
exchange_rate,open_loop,121,5.175104141235352
exchange_rate,open_loop,122,5.261857986450195
exchange_rate,open_loop,123,5.355050563812256
exchange_rate,open_loop,124,5.446694850921631
exchange_rate,open_loop,125,5.523746967315674
exchange_rate,open_loop,126,5.603128910064697
exchange_rate,open_loop,127,5.641354084014893
exchange_rate,open_loop,128,5.65584135055542
exchange_rate,open_loop,129,5.665246486663818
exchange_rate,open_loop,130,5.753039836883545
