dataset,tensor,method,bits,rel_mse,rho_median
ercot,k_pre_rope,rtn_channel,2,0.0728306407108903,0.40548956394195557
ercot,k_pre_rope,rtn_channel,3,0.013068209790314237,0.40548956394195557
ercot,k_pre_rope,rtn_channel,4,0.0028223979849523553,0.40548956394195557
ercot,k_pre_rope,rtn_token,2,0.23185405880212784,0.40548956394195557
ercot,k_pre_rope,rtn_token,3,0.043160171868900456,0.40548956394195557
ercot,k_pre_rope,rtn_token,4,0.009349792885283629,0.40548956394195557
ercot,k_pre_rope,open_delta64,2,2.760949785510699,0.40548956394195557
ercot,k_pre_rope,open_delta64,3,0.40321461111307144,0.40548956394195557
ercot,k_pre_rope,open_delta64,4,0.08590477301428716,0.40548956394195557
ercot,k_pre_rope,inq,2,0.08628141321241856,0.40548956394195557
ercot,k_pre_rope,inq,3,0.015820024573865037,0.40548956394195557
ercot,k_pre_rope,inq,4,0.003430804703384638,0.40548956394195557
ercot,v,rtn_channel,2,0.17799582021931806,0.1898655965924263
ercot,v,rtn_channel,3,0.032253596310814224,0.1898655965924263
ercot,v,rtn_channel,4,0.0070103849478376406,0.1898655965924263
ercot,v,rtn_token,2,0.2519523079196612,0.1898655965924263
ercot,v,rtn_token,3,0.045524003294607006,0.1898655965924263
ercot,v,rtn_token,4,0.009867074511324367,0.1898655965924263
ercot,v,open_delta64,2,8.335514386494955,0.1898655965924263
ercot,v,open_delta64,3,1.2791929493347804,0.1898655965924263
ercot,v,open_delta64,4,0.27526408558090526,0.1898655965924263
ercot,v,inq,2,0.1940027823050817,0.1898655965924263
ercot,v,inq,3,0.03576677447805802,0.1898655965924263
ercot,v,inq,4,0.007743829977698624,0.1898655965924263
exchange_rate,k_pre_rope,rtn_channel,2,0.07252843088159959,0.5823710858821869
exchange_rate,k_pre_rope,rtn_channel,3,0.013053745962679386,0.5823710858821869
exchange_rate,k_pre_rope,rtn_channel,4,0.0028270093316677958,0.5823710858821869
exchange_rate,k_pre_rope,rtn_token,2,0.22725765655438104,0.5823710858821869
exchange_rate,k_pre_rope,rtn_token,3,0.04210602461049954,0.5823710858821869
exchange_rate,k_pre_rope,rtn_token,4,0.009176992423211535,0.5823710858821869
exchange_rate,k_pre_rope,open_delta64,2,1.7181113809347153,0.5823710858821869
exchange_rate,k_pre_rope,open_delta64,3,0.28574234433472157,0.5823710858821869
exchange_rate,k_pre_rope,open_delta64,4,0.061601297774662576,0.5823710858821869
exchange_rate,k_pre_rope,inq,2,0.07792222655067842,0.5823710858821869
exchange_rate,k_pre_rope,inq,3,0.01431406537691752,0.5823710858821869
exchange_rate,k_pre_rope,inq,4,0.003109079805047562,0.5823710858821869
exchange_rate,v,rtn_channel,2,0.17853929164508978,0.45854590833187103
exchange_rate,v,rtn_channel,3,0.032493577959636845,0.45854590833187103
exchange_rate,v,rtn_channel,4,0.007067042655156304,0.45854590833187103
exchange_rate,v,rtn_token,2,0.26540879035989445,0.45854590833187103
exchange_rate,v,rtn_token,3,0.048554774994651474,0.45854590833187103
exchange_rate,v,rtn_token,4,0.010668293883403143,0.45854590833187103
exchange_rate,v,open_delta64,2,5.666742304960887,0.45854590833187103
exchange_rate,v,open_delta64,3,0.9648484537998835,0.45854590833187103
exchange_rate,v,open_delta64,4,0.20962333244582018,0.45854590833187103
exchange_rate,v,inq,2,0.17735432585080466,0.45854590833187103
exchange_rate,v,inq,3,0.03269872317711512,0.45854590833187103
exchange_rate,v,inq,4,0.007099183450918645,0.45854590833187103
monash_covid_deaths,k_pre_rope,rtn_channel,2,0.03926169717063507,0.4133784770965576
monash_covid_deaths,k_pre_rope,rtn_channel,3,0.007180351531133056,0.4133784770965576
monash_covid_deaths,k_pre_rope,rtn_channel,4,0.0015626304569498946,0.4133784770965576
monash_covid_deaths,k_pre_rope,rtn_token,2,0.24029038101434708,0.4133784770965576
monash_covid_deaths,k_pre_rope,rtn_token,3,0.04392018417517344,0.4133784770965576
monash_covid_deaths,k_pre_rope,rtn_token,4,0.009561256311523417,0.4133784770965576
monash_covid_deaths,k_pre_rope,open_delta64,2,0.8736069053411484,0.4133784770965576
monash_covid_deaths,k_pre_rope,open_delta64,3,0.1021366777519385,0.4133784770965576
monash_covid_deaths,k_pre_rope,open_delta64,4,0.018725653334210317,0.4133784770965576
monash_covid_deaths,k_pre_rope,inq,2,0.05325789159784714,0.4133784770965576
monash_covid_deaths,k_pre_rope,inq,3,0.010287549579516053,0.4133784770965576
monash_covid_deaths,k_pre_rope,inq,4,0.0022106295897780606,0.4133784770965576
monash_covid_deaths,v,rtn_channel,2,0.07290519090990226,0.40638071298599243
monash_covid_deaths,v,rtn_channel,3,0.013321076209346453,0.40638071298599243
monash_covid_deaths,v,rtn_channel,4,0.0028989068620527783,0.40638071298599243
monash_covid_deaths,v,rtn_token,2,0.27683427433172864,0.40638071298599243
monash_covid_deaths,v,rtn_token,3,0.05123567394912243,0.40638071298599243
monash_covid_deaths,v,rtn_token,4,0.01116709791434308,0.40638071298599243
monash_covid_deaths,v,open_delta64,2,0.7518205965558687,0.40638071298599243
monash_covid_deaths,v,open_delta64,3,0.11792890603343646,0.40638071298599243
monash_covid_deaths,v,open_delta64,4,0.025102063703040283,0.40638071298599243
monash_covid_deaths,v,inq,2,0.0719884168356657,0.40638071298599243
monash_covid_deaths,v,inq,3,0.014433455963929495,0.40638071298599243
monash_covid_deaths,v,inq,4,0.0031103225774131715,0.40638071298599243
monash_hospital,k_pre_rope,rtn_channel,2,0.023579724909116823,-0.09749201312661171
monash_hospital,k_pre_rope,rtn_channel,3,0.0043997232569381595,-0.09749201312661171
monash_hospital,k_pre_rope,rtn_channel,4,0.0009506978191590557,-0.09749201312661171
monash_hospital,k_pre_rope,rtn_token,2,0.2575522984067599,-0.09749201312661171
monash_hospital,k_pre_rope,rtn_token,3,0.047931491707762085,-0.09749201312661171
monash_hospital,k_pre_rope,rtn_token,4,0.010388021900629004,-0.09749201312661171
monash_hospital,k_pre_rope,open_delta64,2,0.14858977124094963,-0.09749201312661171
monash_hospital,k_pre_rope,open_delta64,3,0.023365137555326026,-0.09749201312661171
monash_hospital,k_pre_rope,open_delta64,4,0.004932951104516785,-0.09749201312661171
monash_hospital,k_pre_rope,inq,2,0.0289463900650541,-0.09749201312661171
monash_hospital,k_pre_rope,inq,3,0.007168103164682786,-0.09749201312661171
monash_hospital,k_pre_rope,inq,4,0.0015358360154399027,-0.09749201312661171
monash_hospital,v,rtn_channel,2,0.04167137683058778,-0.09754542261362076
monash_hospital,v,rtn_channel,3,0.007577935233712196,-0.09754542261362076
monash_hospital,v,rtn_channel,4,0.0016517469484824687,-0.09754542261362076
monash_hospital,v,rtn_token,2,0.24518169711033502,-0.09754542261362076
monash_hospital,v,rtn_token,3,0.04532642476260662,-0.09754542261362076
monash_hospital,v,rtn_token,4,0.00984799520423015,-0.09754542261362076
monash_hospital,v,open_delta64,2,0.1533911886314551,-0.09754542261362076
monash_hospital,v,open_delta64,3,0.02750876530384024,-0.09754542261362076
monash_hospital,v,open_delta64,4,0.006045734354605277,-0.09754542261362076
monash_hospital,v,inq,2,0.035078890000780426,-0.09754542261362076
monash_hospital,v,inq,3,0.00939018935120354,-0.09754542261362076
monash_hospital,v,inq,4,0.002004729506249229,-0.09754542261362076
monash_m1_quarterly,k_pre_rope,rtn_channel,2,0.020732373852903645,-0.13920142501592636
monash_m1_quarterly,k_pre_rope,rtn_channel,3,0.003863925851571063,-0.13920142501592636
monash_m1_quarterly,k_pre_rope,rtn_channel,4,0.0008356517791980878,-0.13920142501592636
monash_m1_quarterly,k_pre_rope,rtn_token,2,0.2545765998462836,-0.13920142501592636
monash_m1_quarterly,k_pre_rope,rtn_token,3,0.04716345760971308,-0.13920142501592636
monash_m1_quarterly,k_pre_rope,rtn_token,4,0.010211991689478358,-0.13920142501592636
monash_m1_quarterly,k_pre_rope,open_delta64,2,0.08562445143858592,-0.13920142501592636
monash_m1_quarterly,k_pre_rope,open_delta64,3,0.014783952850848436,-0.13920142501592636
monash_m1_quarterly,k_pre_rope,open_delta64,4,0.003286616178229451,-0.13920142501592636
monash_m1_quarterly,k_pre_rope,inq,2,0.022258672397583723,-0.13920142501592636
monash_m1_quarterly,k_pre_rope,inq,3,0.00624486474165072,-0.13920142501592636
monash_m1_quarterly,k_pre_rope,inq,4,0.0013334995019249618,-0.13920142501592636
monash_m1_quarterly,v,rtn_channel,2,0.03376518748700619,-0.09836505725979805
monash_m1_quarterly,v,rtn_channel,3,0.006111289335725208,-0.09836505725979805
monash_m1_quarterly,v,rtn_channel,4,0.0013273772104488064,-0.09836505725979805
monash_m1_quarterly,v,rtn_token,2,0.2580348340173562,-0.09836505725979805
monash_m1_quarterly,v,rtn_token,3,0.04764443294455608,-0.09836505725979805
monash_m1_quarterly,v,rtn_token,4,0.010310356660435597,-0.09836505725979805
monash_m1_quarterly,v,open_delta64,2,0.08021142054349184,-0.09836505725979805
monash_m1_quarterly,v,open_delta64,3,0.014697121378655234,-0.09836505725979805
monash_m1_quarterly,v,open_delta64,4,0.003214553347788751,-0.09836505725979805
monash_m1_quarterly,v,inq,2,0.02525156581153472,-0.09836505725979805
monash_m1_quarterly,v,inq,3,0.007589685420195262,-0.09836505725979805
monash_m1_quarterly,v,inq,4,0.0016203699633479118,-0.09836505725979805
