dataset,layer,tensor,axis,rho_median,rho_q25,rho_q75,rho_frac_gt_0.8,sfm_median,bits_saved_szego
ercot,0,k_pre_rope,patch_time,0.05883298069238663,-0.2256249636411667,0.3960151672363281,0.041015625,0.1946856677532196,1.1803907071670983
ercot,0,k_post_rope,patch_time,0.522583544254303,0.02957509458065033,0.8412085175514221,0.3037109375,0.10994807630777359,1.5925528661999644
ercot,0,v,patch_time,-0.3212953209877014,-0.41994479298591614,-0.13387157022953033,0.00146484375,0.1742251068353653,1.2604877776771142
ercot,0,group_k,series,-0.05107852816581726,-0.23663301765918732,0.12121263891458511,0.0,,
ercot,1,k_pre_rope,patch_time,0.1646595299243927,-0.16313710808753967,0.505115270614624,0.05419921875,0.21369554102420807,1.1131856449407878
ercot,1,k_post_rope,patch_time,0.5317662358283997,0.056932054460048676,0.8278067708015442,0.2809244990348816,0.12907233834266663,1.476874123464461
ercot,1,v,patch_time,-0.1412978172302246,-0.3486963212490082,0.2171356976032257,0.009928385727107525,0.1951512098312378,1.1786678440795462
ercot,1,group_k,series,-0.02455110102891922,-0.23148787021636963,0.17394015192985535,0.0,,
ercot,2,k_pre_rope,patch_time,0.39584073424339294,-0.040027935057878494,0.7104480862617493,0.1731770932674408,0.19767044484615326,1.169415457791174
ercot,2,k_post_rope,patch_time,0.5837191343307495,0.13762249052524567,0.8587265610694885,0.3103841245174408,0.12853699922561646,1.4798721987998924
ercot,2,v,patch_time,-0.10652072727680206,-0.26908284425735474,0.15096250176429749,0.00634765625,0.26324406266212463,0.9627635512664404
ercot,2,group_k,series,-0.008668864145874977,-0.20560185611248016,0.17871926724910736,0.0,,
ercot,3,k_pre_rope,patch_time,0.4317117929458618,0.148578941822052,0.6305124759674072,0.0753580778837204,0.2724791467189789,0.9378911363086435
ercot,3,k_post_rope,patch_time,0.5424049496650696,0.2676279544830322,0.7716361880302429,0.2216796875,0.2085571140050888,1.1307427853247984
ercot,3,v,patch_time,0.19503489136695862,-0.0427006371319294,0.45271801948547363,0.00830078125,0.3428070545196533,0.7722656481796781
ercot,3,group_k,series,-0.06278533488512039,-0.2520713806152344,0.12362644076347351,0.0,,
ercot,4,k_pre_rope,patch_time,0.42592814564704895,0.12450389564037323,0.6375927925109863,0.0841471403837204,0.28639549016952515,0.9019596600135602
ercot,4,k_post_rope,patch_time,0.5205984711647034,0.18490535020828247,0.7939196228981018,0.2451171875,0.21805651485919952,1.0986130002626953
ercot,4,v,patch_time,0.22942383587360382,0.024667588993906975,0.4260846972465515,0.010416666977107525,0.3851419985294342,0.688268820897803
ercot,4,group_k,series,-0.03923796862363815,-0.21367308497428894,0.11312560737133026,0.0,,
ercot,5,k_pre_rope,patch_time,0.4444674253463745,0.19566328823566437,0.6376882195472717,0.0865885466337204,0.3079293966293335,0.849664246673832
ercot,5,k_post_rope,patch_time,0.5300146341323853,0.24494045972824097,0.7840781807899475,0.234375,0.2502056658267975,0.9994068178243626
ercot,5,v,patch_time,0.17348366975784302,0.01344271656125784,0.3596617579460144,0.00146484375,0.41833850741386414,0.6286286464707684
ercot,5,group_k,series,-0.0472118966281414,-0.2339535355567932,0.14909470081329346,0.0,,
ercot,6,k_pre_rope,patch_time,0.41033512353897095,0.11105680465698242,0.6243696212768555,0.1149088591337204,0.3312167227268219,0.7970762901524702
ercot,6,k_post_rope,patch_time,0.45828330516815186,0.11325820535421371,0.684598445892334,0.14892578125,0.303678423166275,0.8596918442559633
ercot,6,v,patch_time,0.298510879278183,0.09947507828474045,0.45652905106544495,0.0022786459885537624,0.4112628102302551,0.6409337387579461
ercot,6,group_k,series,-0.024100977927446365,-0.22009220719337463,0.168821319937706,0.0,,
ercot,7,k_pre_rope,patch_time,0.4480435848236084,0.3113546371459961,0.5793871879577637,0.013671875,0.35280823707580566,0.7515219253722526
ercot,7,k_post_rope,patch_time,0.5442344546318054,0.37344449758529663,0.7308892011642456,0.1974283903837204,0.29602476954460144,0.8781050990367024
ercot,7,v,patch_time,0.3781229257583618,0.2342432290315628,0.5075381398200989,0.00032552084303461015,0.3912825882434845,0.6768585909873436
ercot,7,group_k,series,-0.06799594312906265,-0.24918827414512634,0.11701913177967072,0.0,,
ercot,8,k_pre_rope,patch_time,0.4683017432689667,0.24155670404434204,0.6243398189544678,0.0647786483168602,0.32422494888305664,0.8124664926930303
ercot,8,k_post_rope,patch_time,0.49897193908691406,0.2672886252403259,0.6864522099494934,0.1175130233168602,0.29245123267173767,0.8868660124433684
ercot,8,v,patch_time,0.312690407037735,0.07445497065782547,0.4935586750507355,0.00244140625,0.41083580255508423,0.6416830915742752
ercot,8,group_k,series,-0.06952367722988129,-0.25892817974090576,0.11845161020755768,0.0,,
ercot,9,k_pre_rope,patch_time,0.4603288173675537,0.30576270818710327,0.586741030216217,0.01595052145421505,0.33123883605003357,0.7970281317796944
ercot,9,k_post_rope,patch_time,0.5502436757087708,0.3605331480503082,0.7200135588645935,0.1624349057674408,0.27210283279418945,0.938888059343095
ercot,9,v,patch_time,0.34208062291145325,0.12357963621616364,0.5014506578445435,0.0021158854942768812,0.3707725405693054,0.7156968465129551
ercot,9,group_k,series,-0.06979138404130936,-0.2661017179489136,0.12478973716497421,0.0,,
ercot,10,k_pre_rope,patch_time,0.41277605295181274,0.17714956402778625,0.5871016979217529,0.0524088554084301,0.3152432441711426,0.8327313208588073
ercot,10,k_post_rope,patch_time,0.4850609600543976,0.22866281867027283,0.706828236579895,0.1477864682674408,0.25850561261177063,0.9758662452794483
ercot,10,v,patch_time,0.16762599349021912,-0.08482600748538971,0.3680906593799591,0.0,0.3797173798084259,0.6985010308600957
ercot,10,group_k,series,-0.07392819225788116,-0.2700275480747223,0.11814508587121964,0.0,,
ercot,11,k_pre_rope,patch_time,0.16272133588790894,-0.14220277965068817,0.49588334560394287,0.0555013045668602,0.28191739320755005,0.9133278027779343
ercot,11,k_post_rope,patch_time,0.23530589044094086,-0.12572091817855835,0.5533159971237183,0.05810546875,0.25007885694503784,0.9997725028304861
ercot,11,v,patch_time,-0.07604028284549713,-0.3247350752353668,0.1855335384607315,0.0,0.3273448646068573,0.8055583744068201
ercot,11,group_k,series,-0.05200481042265892,-0.2470613718032837,0.13348469138145447,0.0,,
exchange_rate,0,k_pre_rope,patch_time,0.9242508411407471,0.8541356325149536,0.9618576765060425,0.8434244990348816,0.08934106677770615,1.7422663542596482
exchange_rate,0,k_post_rope,patch_time,0.9385942220687866,0.860075831413269,0.9694819450378418,0.8406575918197632,0.05638629198074341,2.0742558583903046
exchange_rate,0,v,patch_time,0.6233294606208801,0.3651691675186157,0.8302214741706848,0.2872721552848816,0.2991202771663666,0.8706011908847392
exchange_rate,0,group_k,series,-0.24078398942947388,-0.43787869811058044,-0.040012869983911514,0.0,,
exchange_rate,1,k_pre_rope,patch_time,0.7591509819030762,0.5790555477142334,0.8681174516677856,0.4156901240348816,0.21986274421215057,1.0926624674799947
exchange_rate,1,k_post_rope,patch_time,0.8363516926765442,0.6622654795646667,0.9307394623756409,0.5657552480697632,0.12997590005397797,1.4718419746468543
exchange_rate,1,v,patch_time,0.5336830019950867,0.2934383451938629,0.7415881156921387,0.1774088591337204,0.3541184961795807,0.7488479474520976
exchange_rate,1,group_k,series,-0.2966850996017456,-0.48196613788604736,-0.0839664414525032,0.0,,
exchange_rate,2,k_pre_rope,patch_time,0.6701489090919495,0.4551346004009247,0.8185559511184692,0.2838541865348816,0.28112849593162537,0.9153491991764885
exchange_rate,2,k_post_rope,patch_time,0.7485237717628479,0.5366708040237427,0.9027721881866455,0.4264323115348816,0.18876004219055176,1.2026873479185451
exchange_rate,2,v,patch_time,0.2857725918292999,0.10855226963758469,0.4668869078159332,0.02783203125,0.46439671516418457,0.5532851636600954
exchange_rate,2,group_k,series,-0.20086140930652618,-0.40871965885162354,0.007253163028508425,0.0,,
exchange_rate,3,k_pre_rope,patch_time,0.6222819089889526,0.4472850561141968,0.7489645481109619,0.1497395932674408,0.3154527544975281,0.8322520732963564
exchange_rate,3,k_post_rope,patch_time,0.6922785043716431,0.5108742713928223,0.8386106491088867,0.3103841245174408,0.23866283893585205,1.0334770731081262
exchange_rate,3,v,patch_time,0.37514951825141907,0.16999614238739014,0.6067709922790527,0.0533854179084301,0.4337647259235382,0.6025076790809611
exchange_rate,3,group_k,series,-0.17412056028842926,-0.37113818526268005,0.0418882742524147,0.0,,
exchange_rate,4,k_pre_rope,patch_time,0.5735324621200562,0.35460934042930603,0.7371401786804199,0.1507161557674408,0.3284192681312561,0.8031946616843171
exchange_rate,4,k_post_rope,patch_time,0.64286208152771,0.4166913628578186,0.841010570526123,0.3079427182674408,0.2599587142467499,0.9718227886648915
exchange_rate,4,v,patch_time,0.30581629276275635,0.1255701184272766,0.5171053409576416,0.0328776054084301,0.45395755767822266,0.5696853372202166
exchange_rate,4,group_k,series,-0.20348745584487915,-0.4094395041465759,0.0248210858553648,0.0,,
exchange_rate,5,k_pre_rope,patch_time,0.5749226808547974,0.3890271782875061,0.7225847244262695,0.1388346403837204,0.3291569650173187,0.8015761845678634
exchange_rate,5,k_post_rope,patch_time,0.6371912956237793,0.4403148591518402,0.8270549178123474,0.287109375,0.2708057165145874,0.9423349506973451
exchange_rate,5,v,patch_time,0.24044744670391083,0.0822862982749939,0.44927045702934265,0.01936849020421505,0.4667516052722931,0.5496365553241086
exchange_rate,5,group_k,series,-0.19800999760627747,-0.389228880405426,0.02823088876903057,0.0,,
exchange_rate,6,k_pre_rope,patch_time,0.4920387268066406,0.19032905995845795,0.6947070956230164,0.1468099057674408,0.35737180709838867,0.7422511347918475
exchange_rate,6,k_post_rope,patch_time,0.5126034021377563,0.20646712183952332,0.7307780981063843,0.189453125,0.3327687978744507,0.7937039648119852
exchange_rate,6,v,patch_time,0.3707197606563568,0.1828656792640686,0.5257766246795654,0.008463541977107525,0.4440828561782837,0.58554960887964
exchange_rate,6,group_k,series,-0.19666357338428497,-0.4011654257774353,0.028155894950032234,0.0,,
exchange_rate,7,k_pre_rope,patch_time,0.5840902328491211,0.46479469537734985,0.6877039670944214,0.0655924528837204,0.34380030632019043,0.7701786323271096
exchange_rate,7,k_post_rope,patch_time,0.6700055003166199,0.5058810710906982,0.8275377750396729,0.2897135615348816,0.2648703157901764,0.958320963003928
exchange_rate,7,v,patch_time,0.49362218379974365,0.33807241916656494,0.613959789276123,0.02197265625,0.39138054847717285,0.6766780193755558
exchange_rate,7,group_k,series,-0.10364232957363129,-0.3119116723537445,0.09736479818820953,0.0,,
exchange_rate,8,k_pre_rope,patch_time,0.5664544701576233,0.33748364448547363,0.7147904634475708,0.1207682341337204,0.32508018612861633,0.8105662347404017
exchange_rate,8,k_post_rope,patch_time,0.5859407186508179,0.34182366728782654,0.769157886505127,0.1982421875,0.29583561420440674,0.8785661764935498
exchange_rate,8,v,patch_time,0.421286404132843,0.18971477448940277,0.6259167194366455,0.0384114608168602,0.4238624572753906,0.6191659532554551
exchange_rate,8,group_k,series,-0.17685727775096893,-0.3895041048526764,0.04557843133807182,0.0,,
exchange_rate,9,k_pre_rope,patch_time,0.6606960892677307,0.5540633201599121,0.74610835313797,0.1261393278837204,0.28851062059402466,0.8966518334219818
exchange_rate,9,k_post_rope,patch_time,0.7144612073898315,0.5775920152664185,0.8231012225151062,0.3050130307674408,0.23033711314201355,1.059090605160671
exchange_rate,9,v,patch_time,0.5942190289497375,0.43606996536254883,0.709937572479248,0.0810546875,0.3366565406322479,0.7853253004057175
exchange_rate,9,group_k,series,-0.12256642431020737,-0.3437749445438385,0.10590118914842606,0.0,,
exchange_rate,10,k_pre_rope,patch_time,0.667458713054657,0.5013046264648438,0.7700862884521484,0.1888020932674408,0.2739017605781555,0.9341347777495076
exchange_rate,10,k_post_rope,patch_time,0.7059570550918579,0.5203901529312134,0.8243824243545532,0.2958984375,0.2302813082933426,1.0592653905689013
exchange_rate,10,v,patch_time,0.5502982139587402,0.3386400043964386,0.6905884146690369,0.0748697966337204,0.3626919686794281,0.7315916478729131
exchange_rate,10,group_k,series,-0.16155309975147247,-0.36652666330337524,0.054405976086854935,0.0,,
exchange_rate,11,k_pre_rope,patch_time,0.6022970676422119,0.2957366108894348,0.7669458389282227,0.1980794370174408,0.2914920151233673,0.889235865421532
exchange_rate,11,k_post_rope,patch_time,0.6210152506828308,0.34129345417022705,0.7864483594894409,0.22900390625,0.25889626145362854,0.9747769812426926
exchange_rate,11,v,patch_time,0.5186689496040344,0.31174641847610474,0.687896728515625,0.0955403670668602,0.37914034724235535,0.6995980509631716
exchange_rate,11,group_k,series,-0.23529107868671417,-0.39829230308532715,-0.04199949651956558,0.0,,
monash_hospital,0,k_pre_rope,patch_time,-0.1256265491247177,-0.37080466747283936,0.1298399120569229,0.0,0.7804698944091797,0.17879255582912146
monash_hospital,0,k_post_rope,patch_time,-0.03885922208428383,-0.30844974517822266,0.1874283403158188,0.0,0.7905263304710388,0.16955728945523493
monash_hospital,0,v,patch_time,-0.24776189029216766,-0.47020089626312256,-0.0050791664980351925,0.0,0.8000336289405823,0.16093372538985806
monash_hospital,0,group_k,series,0.00922026950865984,-0.1820278912782669,0.3232901096343994,0.0,,
monash_hospital,1,k_pre_rope,patch_time,-0.1361282765865326,-0.3487323224544525,0.10437914729118347,0.0,0.7822620868682861,0.17713802495780573
monash_hospital,1,k_post_rope,patch_time,-0.078923799097538,-0.3148036003112793,0.14963605999946594,0.0,0.7833728194236755,0.17611451135842274
monash_hospital,1,v,patch_time,-0.2190227508544922,-0.4383028745651245,0.0242629311978817,0.0,0.7711287140846252,0.18747820254024
monash_hospital,1,group_k,series,0.010958036407828331,-0.22236263751983643,0.2389475703239441,0.0,,
monash_hospital,2,k_pre_rope,patch_time,-0.16481514275074005,-0.37692829966545105,0.08252234756946564,0.0,0.7946520447731018,0.1658024054014451
monash_hospital,2,k_post_rope,patch_time,-0.09742329269647598,-0.33363077044487,0.1534273326396942,0.0,0.8012789487838745,0.1598117601037378
monash_hospital,2,v,patch_time,-0.25768616795539856,-0.48075735569000244,-0.030163554474711418,0.0,0.7979714274406433,0.1627955026833287
monash_hospital,2,group_k,series,-0.020479902625083923,-0.19548985362052917,0.20436549186706543,0.0,,
monash_hospital,3,k_pre_rope,patch_time,-0.16819781064987183,-0.38401132822036743,0.08112958073616028,0.0,0.7780424356460571,0.1810396253478898
monash_hospital,3,k_post_rope,patch_time,-0.10303257405757904,-0.34494248032569885,0.14036792516708374,0.0,0.7876551151275635,0.17218201471679065
monash_hospital,3,v,patch_time,-0.24078595638275146,-0.45502305030822754,0.0059985993430018425,0.0,0.7851516604423523,0.17447837099252844
monash_hospital,3,group_k,series,0.04320916905999184,-0.1508280634880066,0.21506847441196442,0.0,,
monash_hospital,4,k_pre_rope,patch_time,-0.1867617964744568,-0.39428403973579407,0.07080766558647156,0.0,0.7840292453765869,0.17551031251014343
monash_hospital,4,k_post_rope,patch_time,-0.13616943359375,-0.3535099923610687,0.12362393736839294,0.0,0.7883836627006531,0.1715151072393846
monash_hospital,4,v,patch_time,-0.2244095802307129,-0.44172927737236023,0.018420733511447906,0.0,0.7784765958786011,0.18063721405833888
monash_hospital,4,group_k,series,0.05116557329893112,-0.17194226384162903,0.23525165021419525,0.0,,
monash_hospital,5,k_pre_rope,patch_time,-0.17568491399288177,-0.38147884607315063,0.07001229375600815,0.0,0.7903990149497986,0.16967347297525415
monash_hospital,5,k_post_rope,patch_time,-0.12521135807037354,-0.34533560276031494,0.13315260410308838,0.0,0.7904884219169617,0.16959188146830897
monash_hospital,5,v,patch_time,-0.24178235232830048,-0.46487972140312195,-0.0057164751924574375,0.0,0.7925463914871216,0.16771635470122784
monash_hospital,5,group_k,series,-0.051283467561006546,-0.2545842230319977,0.22668787837028503,0.0,,
monash_hospital,6,k_pre_rope,patch_time,-0.22130835056304932,-0.4316898584365845,0.010833865031599998,0.0,0.7908928394317627,0.16922293112721667
monash_hospital,6,k_post_rope,patch_time,-0.19657878577709198,-0.4135652184486389,0.05561337247490883,0.0,0.7884343862533569,0.17146869819554095
monash_hospital,6,v,patch_time,-0.23727236688137054,-0.4483180344104767,-0.0016330111538991332,0.0,0.7845950126647949,0.17498996501952896
monash_hospital,6,group_k,series,0.13248582184314728,-0.0738917663693428,0.3135427236557007,0.0,,
monash_hospital,7,k_pre_rope,patch_time,-0.18090130388736725,-0.3845111131668091,0.06725606322288513,0.0,0.7952122688293457,0.16529403969107193
monash_hospital,7,k_post_rope,patch_time,-0.13222241401672363,-0.3436805307865143,0.11829403042793274,0.0,0.8080137372016907,0.1537741370787328
monash_hospital,7,v,patch_time,-0.21368825435638428,-0.411737859249115,0.030733313411474228,0.0,0.7900735139846802,0.16997059844009027
monash_hospital,7,group_k,series,0.05653697997331619,-0.1485973298549652,0.30606913566589355,0.0,,
monash_hospital,8,k_pre_rope,patch_time,-0.21835294365882874,-0.41473156213760376,0.021938234567642212,0.0,0.7889193296432495,0.17102515440526617
monash_hospital,8,k_post_rope,patch_time,-0.18953000009059906,-0.3922925591468811,0.06426209956407547,0.0,0.7834681272506714,0.17602675508052723
monash_hospital,8,v,patch_time,-0.23007798194885254,-0.4514864683151245,0.008014380931854248,0.0,0.7869566679000854,0.17282194795516218
monash_hospital,8,group_k,series,0.0695016086101532,-0.15369251370429993,0.28190022706985474,0.0,,
monash_hospital,9,k_pre_rope,patch_time,-0.17581722140312195,-0.3764156103134155,0.07243071496486664,0.0,0.7986862659454346,0.16214959464738823
monash_hospital,9,k_post_rope,patch_time,-0.13348767161369324,-0.34744372963905334,0.11122209578752518,0.0,0.8041365146636963,0.15724382639966453
monash_hospital,9,v,patch_time,-0.1946079581975937,-0.3984944522380829,0.06386016309261322,0.0,0.791264533996582,0.16888400029501152
monash_hospital,9,group_k,series,-0.018247181549668312,-0.2364618480205536,0.21799151599407196,0.0,,
monash_hospital,10,k_pre_rope,patch_time,-0.18438060581684113,-0.3928079903125763,0.0684489905834198,0.0,0.8063589334487915,0.15525296414729473
monash_hospital,10,k_post_rope,patch_time,-0.14594271779060364,-0.35297203063964844,0.10701002180576324,0.0,0.7991882562637329,0.16169635569993435
monash_hospital,10,v,patch_time,-0.19971416890621185,-0.4214925765991211,0.05739399790763855,0.0,0.7887744307518005,0.1711576547155033
monash_hospital,10,group_k,series,-0.0069871023297309875,-0.21618838608264923,0.20105549693107605,0.0,,
monash_hospital,11,k_pre_rope,patch_time,-0.22873055934906006,-0.42564594745635986,0.030769526958465576,0.0,0.8034266233444214,0.1578809128868113
monash_hospital,11,k_post_rope,patch_time,-0.20583075284957886,-0.40863826870918274,0.06356912851333618,0.0,0.797473132610321,0.1632460902637323
monash_hospital,11,v,patch_time,-0.20830275118350983,-0.42895054817199707,0.05491029843688011,0.0,0.8000787496566772,0.16089304360135398
monash_hospital,11,group_k,series,0.03208154812455177,-0.2040378302335739,0.2714155316352844,0.00021701389050576836,,
monash_covid_deaths,0,k_pre_rope,patch_time,0.6885425448417664,0.5320578217506409,0.7556427717208862,0.0679253488779068,0.4050130546092987,0.6519798421900357
monash_covid_deaths,0,k_post_rope,patch_time,0.6940710544586182,0.5613158941268921,0.7580439448356628,0.073133684694767,0.38305819034576416,0.6921822631878223
monash_covid_deaths,0,v,patch_time,0.5201719999313354,0.288419246673584,0.6998074650764465,0.02191840298473835,0.5501291751861572,0.43107883947118825
monash_covid_deaths,0,group_k,series,-0.20565326511859894,-0.32478928565979004,0.007966866716742516,0.0,,
monash_covid_deaths,1,k_pre_rope,patch_time,0.5905611515045166,0.4153671860694885,0.7140154838562012,0.0695529505610466,0.431889146566391,0.6056335165057691
monash_covid_deaths,1,k_post_rope,patch_time,0.6184539198875427,0.45861315727233887,0.727954626083374,0.0736762136220932,0.40826714038848877,0.6462073193886825
monash_covid_deaths,1,v,patch_time,0.45236071944236755,0.24683721363544464,0.615749180316925,0.02267795242369175,0.5097156167030334,0.48611776978723364
monash_covid_deaths,1,group_k,series,-0.1685074120759964,-0.34937426447868347,0.0049086990766227245,0.0,,
monash_covid_deaths,2,k_pre_rope,patch_time,0.5238103866577148,0.33284375071525574,0.6594236493110657,0.02983940951526165,0.4624761641025543,0.5562745417288789
monash_covid_deaths,2,k_post_rope,patch_time,0.5881588459014893,0.4081963300704956,0.7005787491798401,0.0463324673473835,0.4259152114391327,0.6156809193205129
monash_covid_deaths,2,v,patch_time,0.35336875915527344,0.11971507966518402,0.5505552291870117,0.0086805559694767,0.5602704882621765,0.41790229648278127
monash_covid_deaths,2,group_k,series,-0.11147845536470413,-0.3088708519935608,0.08461969345808029,0.0,,
monash_covid_deaths,3,k_pre_rope,patch_time,0.43585848808288574,0.238908052444458,0.5952974557876587,0.0186631940305233,0.5139124393463135,0.4802027608097408
monash_covid_deaths,3,k_post_rope,patch_time,0.5000100135803223,0.3092348575592041,0.6498770117759705,0.02875434048473835,0.47137582302093506,0.5425251652882571
monash_covid_deaths,3,v,patch_time,0.3071465492248535,0.08052889257669449,0.49726206064224243,0.0048828125,0.577758252620697,0.3957310663932717
monash_covid_deaths,3,group_k,series,-0.11225219070911407,-0.251531720161438,0.058435291051864624,0.0,,
monash_covid_deaths,4,k_pre_rope,patch_time,0.4127718210220337,0.21094673871994019,0.5751607418060303,0.01117621548473835,0.519423246383667,0.47250875636548567
monash_covid_deaths,4,k_post_rope,patch_time,0.4789748787879944,0.27606984972953796,0.6363940834999084,0.02267795242369175,0.471363365650177,0.5425442290836655
monash_covid_deaths,4,v,patch_time,0.3074476718902588,0.08807189762592316,0.4961121678352356,0.0033637152519077063,0.5715343952178955,0.40354388587286316
monash_covid_deaths,4,group_k,series,-0.06664325296878815,-0.25852012634277344,0.09596776217222214,0.0,,
monash_covid_deaths,5,k_pre_rope,patch_time,0.4007807970046997,0.20313642919063568,0.5663723945617676,0.008029513992369175,0.5379932522773743,0.4471700084198492
monash_covid_deaths,5,k_post_rope,patch_time,0.46275752782821655,0.2556837201118469,0.628129243850708,0.0254991315305233,0.4855388402938843,0.5211706936913876
monash_covid_deaths,5,v,patch_time,0.26553383469581604,0.03982214629650116,0.4705667495727539,0.0032552082557231188,0.5906710624694824,0.3797865800907561
monash_covid_deaths,5,group_k,series,0.03336609899997711,-0.14014795422554016,0.1626606583595276,0.0,,
monash_covid_deaths,6,k_pre_rope,patch_time,0.3309612572193146,0.11095786839723587,0.5255630016326904,0.007052951492369175,0.5491846203804016,0.43231843536723896
monash_covid_deaths,6,k_post_rope,patch_time,0.366254061460495,0.13611216843128204,0.5706713199615479,0.01410590298473835,0.5207041501998901,0.47073209465676624
monash_covid_deaths,6,v,patch_time,0.3072607219219208,0.08452682942152023,0.4940173625946045,0.0036892362404614687,0.5668841004371643,0.4094371444244839
monash_covid_deaths,6,group_k,series,-0.025736240670084953,-0.2076943814754486,0.13467729091644287,0.0,,
monash_covid_deaths,7,k_pre_rope,patch_time,0.43589192628860474,0.2412973940372467,0.597815990447998,0.01616753451526165,0.5001416802406311,0.49979562757361684
monash_covid_deaths,7,k_post_rope,patch_time,0.4908919036388397,0.30230119824409485,0.6393252611160278,0.0215928815305233,0.4600638151168823,0.5600470523293147
monash_covid_deaths,7,v,patch_time,0.39475417137145996,0.18290923535823822,0.5659497976303101,0.01312934048473835,0.5161778926849365,0.4770298705642315
monash_covid_deaths,7,group_k,series,-0.07612264156341553,-0.23705729842185974,0.10385992377996445,0.0,,
monash_covid_deaths,8,k_pre_rope,patch_time,0.4160197973251343,0.2046581208705902,0.5896657109260559,0.0186631940305233,0.5077700018882751,0.4888764645683331
monash_covid_deaths,8,k_post_rope,patch_time,0.44523295760154724,0.23477140069007874,0.6071855425834656,0.0205078125,0.48951125144958496,0.5152930371165647
monash_covid_deaths,8,v,patch_time,0.3644244372844696,0.1413080096244812,0.5551630258560181,0.01215277798473835,0.5384806990623474,0.4465167300877839
monash_covid_deaths,8,group_k,series,-0.12850800156593323,-0.28840646147727966,0.04275186359882355,0.0,,
monash_covid_deaths,9,k_pre_rope,patch_time,0.48012107610702515,0.2915743589401245,0.6335448026657104,0.01996527798473835,0.47604992985725403,0.5354075991437218
monash_covid_deaths,9,k_post_rope,patch_time,0.5039970874786377,0.32333165407180786,0.6519953608512878,0.02278645895421505,0.4512867331504822,0.5739418639067286
monash_covid_deaths,9,v,patch_time,0.46737512946128845,0.2769457995891571,0.6207751035690308,0.01888020895421505,0.47751423716545105,0.5331921734540017
monash_covid_deaths,9,group_k,series,-0.10347594320774078,-0.25780779123306274,0.06283995509147644,0.0,,
monash_covid_deaths,10,k_pre_rope,patch_time,0.4818139374256134,0.287468284368515,0.639966607093811,0.0360243059694767,0.47085729241371155,0.5433191106493953
monash_covid_deaths,10,k_post_rope,patch_time,0.5080643892288208,0.3144850730895996,0.6531243324279785,0.0359157994389534,0.45481833815574646,0.5683188351999833
monash_covid_deaths,10,v,patch_time,0.48665058612823486,0.28490540385246277,0.6517208814620972,0.0361328125,0.47648531198501587,0.534748176108474
monash_covid_deaths,10,group_k,series,-0.11131173372268677,-0.2678947448730469,0.05858088284730911,0.0,,
monash_covid_deaths,11,k_pre_rope,patch_time,0.5005534291267395,0.28941088914871216,0.6626536250114441,0.0390625,0.46798262000083923,0.5477365715395502
monash_covid_deaths,11,k_post_rope,patch_time,0.513849139213562,0.3118014633655548,0.6697595119476318,0.0361328125,0.45571550726890564,0.5668973154445428
monash_covid_deaths,11,v,patch_time,0.548190712928772,0.35204994678497314,0.6961696743965149,0.0487196184694767,0.45234236121177673,0.5722564931375141
monash_covid_deaths,11,group_k,series,-0.10562626272439957,-0.2652877867221832,0.06495393067598343,0.0,,
monash_m1_quarterly,0,k_pre_rope,patch_time,-0.1599765568971634,-0.3776383399963379,-0.04479685053229332,0.0,1.0,-0.0
monash_m1_quarterly,0,k_post_rope,patch_time,-0.13395646214485168,-0.33945608139038086,-0.03348753601312637,0.0,1.0,-0.0
monash_m1_quarterly,0,v,patch_time,-0.2747555077075958,-0.5403112769126892,-0.07457585632801056,0.0,1.0,-0.0
monash_m1_quarterly,0,group_k,series,-0.1464310884475708,-0.3209574818611145,0.019351638853549957,0.0,,
monash_m1_quarterly,1,k_pre_rope,patch_time,-0.1582821160554886,-0.42449894547462463,-0.03416919335722923,0.0,1.0,-0.0
monash_m1_quarterly,1,k_post_rope,patch_time,-0.14348281919956207,-0.41376110911369324,-0.02873687818646431,0.0,1.0,-0.0
monash_m1_quarterly,1,v,patch_time,-0.25080305337905884,-0.5168617367744446,-0.06159293279051781,0.0,1.0,-0.0
monash_m1_quarterly,1,group_k,series,-0.1153755635023117,-0.25199371576309204,0.05437507480382919,0.0,,
monash_m1_quarterly,2,k_pre_rope,patch_time,-0.20091383159160614,-0.47337234020233154,-0.044839441776275635,0.0,1.0,-0.0
monash_m1_quarterly,2,k_post_rope,patch_time,-0.16205932199954987,-0.43661507964134216,-0.02993423119187355,0.0,1.0,-0.0
monash_m1_quarterly,2,v,patch_time,-0.2729516923427582,-0.531455397605896,-0.06983667612075806,0.0,1.0,-0.0
monash_m1_quarterly,2,group_k,series,-0.10527928918600082,-0.2515188753604889,0.07599928975105286,0.0,,
monash_m1_quarterly,3,k_pre_rope,patch_time,-0.2084898203611374,-0.48122650384902954,-0.04595525190234184,0.0,1.0,-0.0
monash_m1_quarterly,3,k_post_rope,patch_time,-0.18083889782428741,-0.4572448134422302,-0.03673172369599342,0.0,1.0,-0.0
monash_m1_quarterly,3,v,patch_time,-0.25800710916519165,-0.5356543660163879,-0.06466522812843323,0.0,1.0,-0.0
monash_m1_quarterly,3,group_k,series,-0.12904980778694153,-0.27378934621810913,-0.003114650957286358,0.0,,
monash_m1_quarterly,4,k_pre_rope,patch_time,-0.22968468070030212,-0.5100380778312683,-0.05319773405790329,0.0,1.0,-0.0
monash_m1_quarterly,4,k_post_rope,patch_time,-0.20717348158359528,-0.4965677261352539,-0.04382680729031563,0.0,1.0,-0.0
monash_m1_quarterly,4,v,patch_time,-0.2667680084705353,-0.5285215973854065,-0.06220840662717819,0.0,1.0,-0.0
monash_m1_quarterly,4,group_k,series,-0.1490556299686432,-0.26921433210372925,0.019782625138759613,0.0,,
monash_m1_quarterly,5,k_pre_rope,patch_time,-0.24347709119319916,-0.5127113461494446,-0.05949714779853821,0.0,1.0,-0.0
monash_m1_quarterly,5,k_post_rope,patch_time,-0.20866970717906952,-0.48779529333114624,-0.04410361498594284,0.0,1.0,-0.0
monash_m1_quarterly,5,v,patch_time,-0.2701873481273651,-0.5378477573394775,-0.06933310627937317,0.0,1.0,-0.0
monash_m1_quarterly,5,group_k,series,-0.07409651577472687,-0.17410442233085632,0.06338569521903992,0.0,,
monash_m1_quarterly,6,k_pre_rope,patch_time,-0.27587437629699707,-0.5372907519340515,-0.07168667018413544,0.0,1.0,-0.0
monash_m1_quarterly,6,k_post_rope,patch_time,-0.26217764616012573,-0.5288794040679932,-0.06632502377033234,0.0,1.0,-0.0
monash_m1_quarterly,6,v,patch_time,-0.2836723327636719,-0.5412297248840332,-0.07484665513038635,0.0,1.0,-0.0
monash_m1_quarterly,6,group_k,series,-0.11778838187456131,-0.2960702180862427,0.05525656044483185,0.0,,
monash_m1_quarterly,7,k_pre_rope,patch_time,-0.22591575980186462,-0.49542802572250366,-0.05366062372922897,0.0,1.0,-0.0
monash_m1_quarterly,7,k_post_rope,patch_time,-0.20008836686611176,-0.4750654995441437,-0.04709429293870926,0.0,1.0,-0.0
monash_m1_quarterly,7,v,patch_time,-0.25399908423423767,-0.5204574465751648,-0.06510501354932785,0.0,1.0,-0.0
monash_m1_quarterly,7,group_k,series,-0.22372972965240479,-0.3733799457550049,-0.03327007591724396,0.0,,
monash_m1_quarterly,8,k_pre_rope,patch_time,-0.27369388937950134,-0.5377601385116577,-0.07110390067100525,0.0,1.0,-0.0
monash_m1_quarterly,8,k_post_rope,patch_time,-0.2572997808456421,-0.5308841466903687,-0.0631338432431221,0.0,1.0,-0.0
monash_m1_quarterly,8,v,patch_time,-0.27950626611709595,-0.5418593287467957,-0.07098215073347092,0.0,1.0,-0.0
monash_m1_quarterly,8,group_k,series,-0.12382786720991135,-0.2895805835723877,0.047080252319574356,0.0,,
monash_m1_quarterly,9,k_pre_rope,patch_time,-0.223508819937706,-0.5023919939994812,-0.05361984670162201,0.0,1.0,-0.0
monash_m1_quarterly,9,k_post_rope,patch_time,-0.20211519300937653,-0.4849202334880829,-0.04562908411026001,0.0,1.0,-0.0
monash_m1_quarterly,9,v,patch_time,-0.21268464624881744,-0.491802453994751,-0.05069852992892265,0.0,1.0,-0.0
monash_m1_quarterly,9,group_k,series,-0.15850920975208282,-0.3185473084449768,0.0011979520786553621,0.0,,
monash_m1_quarterly,10,k_pre_rope,patch_time,-0.23811325430870056,-0.5074171423912048,-0.058781255036592484,0.0,1.0,-0.0
monash_m1_quarterly,10,k_post_rope,patch_time,-0.22110919654369354,-0.49246788024902344,-0.05192151293158531,0.0,1.0,-0.0
monash_m1_quarterly,10,v,patch_time,-0.22316205501556396,-0.504058301448822,-0.054057102650403976,0.0,1.0,-0.0
monash_m1_quarterly,10,group_k,series,-0.12609462440013885,-0.2888830900192261,0.03858919069170952,0.0,,
monash_m1_quarterly,11,k_pre_rope,patch_time,-0.26036420464515686,-0.5223071575164795,-0.06117206811904907,0.0,1.0,-0.0
monash_m1_quarterly,11,k_post_rope,patch_time,-0.243898406624794,-0.5142982602119446,-0.057036142796278,0.0,1.0,-0.0
monash_m1_quarterly,11,v,patch_time,-0.23137801885604858,-0.5059322714805603,-0.05419003590941429,0.0,1.0,-0.0
monash_m1_quarterly,11,group_k,series,-0.15194185078144073,-0.306645929813385,0.011975148692727089,0.0,,
