model_name,dataset_path,dataset_config,horizon,num_windows,initial_cutoff,window_step_size,min_context_length,max_context_length,seasonality,eval_metric,extra_metrics,quantile_levels,id_column,timestamp_column,target,generate_univariate_targets_from,known_dynamic_columns,past_dynamic_columns,static_columns,task_name,test_error,training_time_s,inference_time_s,num_forecasts,dataset_fingerprint,trained_on_this_dataset,fev_version,MASE,WQL,WQL[0.1],WQL[0.2],WQL[0.3],WQL[0.4],WQL[0.5],WQL[0.6],WQL[0.7],WQL[0.8],WQL[0.9],run_name,git_sha,gpu_name,peak_gpu_memory_mb,task_wall_time_s,MACE,coverage[0.8],coverage[0.6],coverage[0.4],coverage[0.2],QCR,SQL,SQL[0.1],SQL[0.2],SQL[0.3],SQL[0.4],SQL[0.5],SQL[0.6],SQL[0.7],SQL[0.8],SQL[0.9],MQL,MQL[0.1],MQL[0.2],MQL[0.3],MQL[0.4],MQL[0.5],MQL[0.6],MQL[0.7],MQL[0.8],MQL[0.9],MAE,RMSE,RMSSE,WAPE,SMAPE,MAPE,model_predictor_type,model_id,model_device_map,model_batch_size,model_context_length,model_has_model_transform,model_load_time_s,model_num_params,model_num_buffers,model_param_bytes,model_buffer_bytes,model_total_bytes,model_bits_per_param,model_bits_per_element,quant_method,quant_weight_bits,quant_activation_bits,quant_granularity,quant_simulated,quant_act_order,quant_percdamp,quant_hessian_mode,quant_n_modules_quantized,quant_n_modules_skipped,quant_quantized_weight_numel,quant_effective_bits_per_weight,quant_achievable_bits_per_weight,quant_weight_rmse,quant_calib_n_series,quant_calib_context_length,quant_calib_seed,quant_calib_source
chronos2-w4-gptq-g64,autogluon/chronos_datasets,monash_traffic,24,1,-24,24,1,,24,MASE,['WQL'],"[0.1, 0.2, 0.3, 0.4, 0.5, 0.6, 0.7, 0.8, 0.9]",id,timestamp,target,,[],[],[],monash_traffic,0.8340313140580811,,52.39055260003079,862,be2fb167dd7ded22,False,0.9.0,0.8340313140580811,0.2432423519636083,0.11286564882818127,0.16943622482126738,0.2159975067548605,0.25377513156134074,0.28535620493382313,0.3050288115093982,0.3126101670753512,0.29772259625632713,0.23638887593192484,chronos2_w4_gptq_g64_full,d440761e3ed0e87fe1dcfc0d9869029398bb7b61+dirty,NVIDIA RTX 2000 Ada Generation Laptop GPU,3177.7,56.492,0.19408594354215003,0.5231051817478731,0.35721191028615623,0.2335170146945089,0.10982211910286156,0.46403712296983757,0.7084391103681822,0.3724872743545827,0.5297029629214839,0.6556840484198193,0.7546455647476705,0.834031314058081,0.8758862424468601,0.8826495003029909,0.8247973779335673,0.6460677081285837,0.010890701299937222,0.0050533390196590075,0.007586176087433598,0.009670866560072966,0.011362285937772571,0.012776266825782418,0.013657069368087317,0.013996509758508156,0.013329947847875464,0.010583850294243483,0.01277626682578248,0.028723426146502192,0.7677737788824656,0.2853562049338245,0.3793449685159084,0.36988954204066277,Chronos2Predictor,amazon/chronos-2,cuda,128,,False,24.022,119477664,789,477910656,3156,477913812,32.0002,32.0,gptq,4,,group_64,True,True,0.01,one_shot_fp_activations,126,0,119439360,,4.25,0.00542273,128,1024,123,synthetic
chronos2-w4-gptq-g64,autogluon/chronos_datasets,monash_australian_electricity,48,1,-48,48,1,,48,MASE,['WQL'],"[0.1, 0.2, 0.3, 0.4, 0.5, 0.6, 0.7, 0.8, 0.9]",id,timestamp,target,,[],[],[],monash_australian_electricity,0.6679797870961486,,0.404266000026837,5,fd85c748679db95e,False,0.9.0,0.6679797870961486,0.031946725936461515,0.019878506870615407,0.02912180126738021,0.03330781925260927,0.03557406073535833,0.037621005084673025,0.03849095952079287,0.0379113378634661,0.033420149640506304,0.022194893192752068,chronos2_w4_gptq_g64_full,d440761e3ed0e87fe1dcfc0d9869029398bb7b61+dirty,NVIDIA RTX 2000 Ada Generation Laptop GPU,592.0,2.162,0.05416666666666666,0.7041666666666667,0.5666666666666667,0.44583333333333336,0.24166666666666667,0.20416666666666666,0.5593597371367663,0.39355116394674994,0.556944648855353,0.627101933873681,0.6561094895655124,0.6679797870961486,0.654294466849571,0.6193608242439288,0.5202690940484886,0.3386262257514643,104.7555321251754,65.18300401821777,95.49240802564448,109.21865159753254,116.64981474463217,123.361887367334,126.21452835663737,124.31390870424157,109.58699073755537,72.77859557478342,123.36188736733398,189.53095713804763,0.7396444227570697,0.03762100508467302,0.06386510017709594,0.07198678205665363,Chronos2Predictor,amazon/chronos-2,cuda,128,,False,24.022,119477664,789,477910656,3156,477913812,32.0002,32.0,gptq,4,,group_64,True,True,0.01,one_shot_fp_activations,126,0,119439360,,4.25,0.00542273,128,1024,123,synthetic
chronos2-w4-gptq-g64,autogluon/chronos_datasets,ercot,24,1,-24,24,1,,24,MASE,['WQL'],"[0.1, 0.2, 0.3, 0.4, 0.5, 0.6, 0.7, 0.8, 0.9]",id,timestamp,target,,[],[],[],ercot,0.7735134539515799,,0.2895637999754399,8,79eb6c1f921ef77b,False,0.9.0,0.7735134539515799,0.02360764819380254,0.015200038612727043,0.022949842075107436,0.027461143157050127,0.02972039958835746,0.030256230440676993,0.028677928048318025,0.025590223982715148,0.019600483660086522,0.013012544179184104,chronos2_w4_gptq_g64_full,d440761e3ed0e87fe1dcfc0d9869029398bb7b61+dirty,NVIDIA RTX 2000 Ada Generation Laptop GPU,654.0,1.604,0.029947916666666685,0.7760416666666666,0.5520833333333334,0.3802083333333333,0.171875,0.265625,0.602476855184104,0.36500133387173017,0.5591368052024023,0.6788725283845437,0.7510186005232126,0.7735134539515806,0.7369694911131601,0.6690086825081275,0.5273369796305192,0.3614338214716604,173.64076735885055,111.80047868092855,168.80242182413735,201.98428624471038,218.60174077351897,222.54292456309,210.93407491048183,188.22315940856933,144.16696637471514,95.71085344950355,222.54292456309,411.41812023051864,0.7592885138430902,0.030256230440676993,0.030192652040919032,0.02931800122519444,Chronos2Predictor,amazon/chronos-2,cuda,128,,False,24.022,119477664,789,477910656,3156,477913812,32.0002,32.0,gptq,4,,group_64,True,True,0.01,one_shot_fp_activations,126,0,119439360,,4.25,0.00542273,128,1024,123,synthetic
chronos2-w4-gptq-g64,autogluon/chronos_datasets_extra,ETTm,24,1,-96,24,1,,96,MASE,['WQL'],"[0.1, 0.2, 0.3, 0.4, 0.5, 0.6, 0.7, 0.8, 0.9]",id,timestamp,target,__ALL__,[],[],[],ETTm,0.5596745818684439,,0.4867986000608653,14,7fedfe5599331980,False,0.9.0,0.5596745818684439,0.04388482339245544,0.025864782123051214,0.04019346674516376,0.048487066382788824,0.05284923978925374,0.05435274261728644,0.054800672906708627,0.05024918703767593,0.0419235756425119,0.026242677287658524,chronos2_w4_gptq_g64_full,d440761e3ed0e87fe1dcfc0d9869029398bb7b61+dirty,NVIDIA RTX 2000 Ada Generation Laptop GPU,778.7,1.7,0.022916666666666675,0.7589285714285714,0.5714285714285714,0.41369047619047616,0.20833333333333334,0.041666666666666664,0.441920050816905,0.2427936192004726,0.3831757469729873,0.4718776406276405,0.5302603703628288,0.5596745818684441,0.5692428966255565,0.5280542523930839,0.4270945090904276,0.26510684021070374,0.683950979282301,0.40310616961547324,0.6264206806818646,0.7556775662161057,0.8236626358259291,0.8470949331919352,0.8540759880627902,0.7831404578118095,0.653384664654732,0.4089957174800694,0.8470949331919354,1.2928143493349231,0.4717125936967312,0.054352742617286454,0.15854665145653324,0.0794147588022753,Chronos2Predictor,amazon/chronos-2,cuda,128,,False,24.022,119477664,789,477910656,3156,477913812,32.0002,32.0,gptq,4,,group_64,True,True,0.01,one_shot_fp_activations,126,0,119439360,,4.25,0.00542273,128,1024,123,synthetic
chronos2-w4-gptq-g64,autogluon/chronos_datasets_extra,ETTh,24,1,-24,24,1,,24,MASE,['WQL'],"[0.1, 0.2, 0.3, 0.4, 0.5, 0.6, 0.7, 0.8, 0.9]",id,timestamp,target,__ALL__,[],[],[],ETTh,0.7722722921745172,,0.48204130004160106,14,5a13efe0f5d52d9e,False,0.9.0,0.7722722921745172,0.07560875061292682,0.040720553641882526,0.06465250667822593,0.08289283657562896,0.09499892491261576,0.09849769581576752,0.09747563170447296,0.08792509327382864,0.0702843055375042,0.04303120737641494,chronos2_w4_gptq_g64_full,d440761e3ed0e87fe1dcfc0d9869029398bb7b61+dirty,NVIDIA RTX 2000 Ada Generation Laptop GPU,778.7,1.56,0.08854166666666667,0.7142857142857143,0.4642857142857143,0.2916666666666667,0.17559523809523808,0.07738095238095238,0.5929912020179233,0.32388120969467804,0.507920113634583,0.6505522371843062,0.737271236403277,0.7722722921745173,0.7684529984326274,0.6962928571542153,0.5527690387548018,0.327508834728303,1.1175268120472395,0.6018656587671662,0.9555892551229112,1.2251884424615482,1.4041211479476523,1.4558343459807692,1.4407278399382315,1.2995671584137858,1.0388294379626006,0.636018021830491,1.455834345980769,2.242582258929462,0.5787933590189219,0.0984976958157675,0.18923170389931765,0.16748754772645202,Chronos2Predictor,amazon/chronos-2,cuda,128,,False,24.022,119477664,789,477910656,3156,477913812,32.0002,32.0,gptq,4,,group_64,True,True,0.01,one_shot_fp_activations,126,0,119439360,,4.25,0.00542273,128,1024,123,synthetic
chronos2-w4-gptq-g64,autogluon/chronos_datasets,exchange_rate,30,1,-30,30,1,,5,MASE,['WQL'],"[0.1, 0.2, 0.3, 0.4, 0.5, 0.6, 0.7, 0.8, 0.9]",id,timestamp,target,,[],[],[],exchange_rate,1.7513266768705453,,0.220463200006634,8,10a2ba1c59eb8128,False,0.9.0,1.7513266768705453,0.011441265697081059,0.003770295630166096,0.008796702164711725,0.012532026452354763,0.014679240293273539,0.015663837801024653,0.0152051128179489,0.013898387034869413,0.01129830384990758,0.007127485229472873,chronos2_w4_gptq_g64_full,d440761e3ed0e87fe1dcfc0d9869029398bb7b61+dirty,NVIDIA RTX 2000 Ada Generation Laptop GPU,641.4,1.453,0.03437499999999999,0.8208333333333333,0.5708333333333333,0.35833333333333334,0.15416666666666667,0.1,1.2551919109983465,0.4017631927389989,0.842330997907213,1.247536838043281,1.5534878284111675,1.7513266768705449,1.7198977217908162,1.6190863036352605,1.3162368284449313,0.8450608111429055,0.00752077043203085,0.0024783558608032735,0.005782400242363412,0.00823776813612009,0.009649211834184828,0.010296424478292465,0.009994887447295087,0.009135927880027647,0.007426796280778937,0.004685161728411911,0.010296424478292465,0.016007148806080347,1.3345952706877313,0.015663837801024653,0.014321187514066724,0.014485749888820666,Chronos2Predictor,amazon/chronos-2,cuda,128,,False,24.022,119477664,789,477910656,3156,477913812,32.0002,32.0,gptq,4,,group_64,True,True,0.01,one_shot_fp_activations,126,0,119439360,,4.25,0.00542273,128,1024,123,synthetic
chronos2-w4-gptq-g64,autogluon/chronos_datasets,nn5,56,1,-56,56,1,,1,MASE,['WQL'],"[0.1, 0.2, 0.3, 0.4, 0.5, 0.6, 0.7, 0.8, 0.9]",id,timestamp,target,,[],[],[],nn5,0.575015834880578,,0.37246420001611114,111,d55bac26a9051441,False,0.9.0,0.575015834880578,0.14826070390307686,0.10102446896039906,0.1428819964400372,0.1653445313533197,0.17875404781858478,0.1824895391240484,0.17598002953399566,0.1614065265018276,0.13564447921198983,0.09082071618348954,chronos2_w4_gptq_g64_full,d440761e3ed0e87fe1dcfc0d9869029398bb7b61+dirty,NVIDIA RTX 2000 Ada Generation Laptop GPU,720.7,1.606,0.028774951706374792,0.7857372826786864,0.5553766902768834,0.37475853187379266,0.16902768834513845,0.2697876447876448,0.4667911369350859,0.3146164583129608,0.4462785745633598,0.5181115343611731,0.5618137353804891,0.5750158348805762,0.5569802086354241,0.5112524704677188,0.4298878805541626,0.28716353525990873,2.885029233029537,1.965851628443454,2.7803640867145165,3.217466219422128,3.4784041887195865,3.551093723655529,3.424424114206855,3.140835940344308,2.6395280578290614,1.767295137930398,3.551093723655529,5.4106903721196655,0.6349455065793977,0.1824895391240484,0.20519702178443752,0.5751167490684564,Chronos2Predictor,amazon/chronos-2,cuda,128,,False,24.022,119477664,789,477910656,3156,477913812,32.0002,32.0,gptq,4,,group_64,True,True,0.01,one_shot_fp_activations,126,0,119439360,,4.25,0.00542273,128,1024,123,synthetic
chronos2-w4-gptq-g64,autogluon/chronos_datasets,monash_nn5_weekly,8,1,-8,8,1,,1,MASE,['WQL'],"[0.1, 0.2, 0.3, 0.4, 0.5, 0.6, 0.7, 0.8, 0.9]",id,timestamp,target,,[],[],[],monash_nn5_weekly,0.8835719004316572,,0.07274760003201663,111,a469d76f0a7b342c,False,0.9.0,0.8835719004316572,0.08159361859000486,0.05223281468474343,0.07810106759735479,0.09322813447277496,0.10106058733292594,0.10357817658323977,0.09969432382821211,0.08971132430181349,0.07104181022375006,0.04569432828522927,chronos2_w4_gptq_g64_full,d440761e3ed0e87fe1dcfc0d9869029398bb7b61+dirty,NVIDIA RTX 2000 Ada Generation Laptop GPU,530.7,1.259,0.030686936936936964,0.7713963963963963,0.5630630630630631,0.36036036036036034,0.18243243243243243,0.0022522522522522522,0.6965364056554322,0.4520033140773111,0.672470156631749,0.8024431153149402,0.8657278496240856,0.8835719004316573,0.8465687940221945,0.7604176647353748,0.6018445548689635,0.38378030119261414,11.11175640801171,7.113280711302884,10.636126370472953,12.696192895184756,13.76284871659839,14.10570443213523,13.576785302376972,12.21725914242031,9.674767507948314,6.222842593665594,14.10570443213523,19.6865984261635,0.8348557367581226,0.10357817658323977,0.10774404109556955,0.10994088890430315,Chronos2Predictor,amazon/chronos-2,cuda,128,,False,24.022,119477664,789,477910656,3156,477913812,32.0002,32.0,gptq,4,,group_64,True,True,0.01,one_shot_fp_activations,126,0,119439360,,4.25,0.00542273,128,1024,123,synthetic
chronos2-w4-gptq-g64,autogluon/chronos_datasets,monash_weather,30,1,-30,30,1,,1,MASE,['WQL'],"[0.1, 0.2, 0.3, 0.4, 0.5, 0.6, 0.7, 0.8, 0.9]",id,timestamp,target,,[],[],[],monash_weather,0.7801736083701789,,94.86872649996076,3010,d31ba1dde0eb7cae,False,0.9.0,0.7801736083701789,0.12606743129526027,0.06603873199055736,0.10695378151721227,0.134450471840418,0.15155707305936614,0.15941992575036606,0.15830573232685305,0.14742381379578065,0.1249617516911425,0.08549559968564642,chronos2_w4_gptq_g64_full,d440761e3ed0e87fe1dcfc0d9869029398bb7b61+dirty,NVIDIA RTX 2000 Ada Generation Laptop GPU,3177.7,107.484,0.02065337763012183,0.752624584717608,0.5752159468438538,0.40255813953488373,0.19210409745293466,0.2555703211517165,0.6194565580729859,0.33434522871123223,0.526779987301333,0.6570378333862614,0.7396464762037533,0.7801736083701786,0.775628152250467,0.7238046337503512,0.6161269768099282,0.42156612587336845,1.374896075024143,0.7202208570486063,1.1664419026084616,1.4663218257028512,1.6528870521954073,1.7386396148698187,1.726488180125202,1.6078095735780216,1.3628374923091884,0.9324181767797314,1.738639614869829,3.9076208671503903,0.8137441338957108,0.15941992575036704,0.6221858605880785,0.5148910737048142,Chronos2Predictor,amazon/chronos-2,cuda,128,,False,24.022,119477664,789,477910656,3156,477913812,32.0002,32.0,gptq,4,,group_64,True,True,0.01,one_shot_fp_activations,126,0,119439360,,4.25,0.00542273,128,1024,123,synthetic
chronos2-w4-gptq-g64,autogluon/chronos_datasets,monash_covid_deaths,30,1,-30,30,1,,1,MASE,['WQL'],"[0.1, 0.2, 0.3, 0.4, 0.5, 0.6, 0.7, 0.8, 0.9]",id,timestamp,target,,[],[],[],monash_covid_deaths,36.299869166342255,,0.6551777999848127,266,3393dd1ef2c52f4c,False,0.9.0,36.299869166342255,0.03798934123931956,0.02192109589337199,0.03201745545029596,0.037407599941746306,0.04107218768007347,0.04292502574051452,0.045278684728159366,0.04578512768584924,0.04229807668408358,0.03319881734978164,chronos2_w4_gptq_g64_full,d440761e3ed0e87fe1dcfc0d9869029398bb7b61+dirty,NVIDIA RTX 2000 Ada Generation Laptop GPU,567.5,2.648,0.08251879699248123,0.6541353383458647,0.5130325814536341,0.3231829573934837,0.17957393483709272,0.5428571428571428,31.738941224168254,12.789635740360243,20.735542974988892,26.907240825537905,32.139534592744994,36.29986916634231,39.428293074002866,41.05648456934039,39.98193769476669,36.31193237943003,100.96704762351186,58.261298059437024,85.09513047011718,99.42091127630272,109.16055383460164,114.08497691181942,120.3404683560638,121.68647880424554,112.41868860112187,88.2349222978975,114.08497691181896,673.0539496860853,31.140819214160423,0.04292502574051434,0.375722452695629,0.09809417772249912,Chronos2Predictor,amazon/chronos-2,cuda,128,,False,24.022,119477664,789,477910656,3156,477913812,32.0002,32.0,gptq,4,,group_64,True,True,0.01,one_shot_fp_activations,126,0,119439360,,4.25,0.00542273,128,1024,123,synthetic
chronos2-w4-gptq-g64,autogluon/chronos_datasets,monash_fred_md,12,1,-12,12,1,,12,MASE,['WQL'],"[0.1, 0.2, 0.3, 0.4, 0.5, 0.6, 0.7, 0.8, 0.9]",id,timestamp,target,,[],[],[],monash_fred_md,0.6002680619427372,,0.27646279998589307,107,a428426a1a648ad5,False,0.9.0,0.6002680619427372,0.02363786503247313,0.020558179580750586,0.023367052451243202,0.020711710021411596,0.017127486094325156,0.019928633617024287,0.029358674257339342,0.0312807329162064,0.029720813306905503,0.02068750304705207,chronos2_w4_gptq_g64_full,d440761e3ed0e87fe1dcfc0d9869029398bb7b61+dirty,NVIDIA RTX 2000 Ada Generation Laptop GPU,693.1,1.503,0.014252336448598142,0.8115264797507789,0.602803738317757,0.38006230529595014,0.22274143302180685,0.31697819314641745,0.46480885778271186,0.22513327374095604,0.3648776939001325,0.4807727353734635,0.5372662537308874,0.6002680619427371,0.6139738635645697,0.5630578560351835,0.484685684253713,0.313244297502764,1041.5519961063835,905.8522395837531,1029.6192185834027,912.6172302761819,754.6860643007174,878.1126423629782,1293.6272262220284,1378.3186325747743,1309.584109359551,911.5506016940649,878.1126423629802,6122.9966198929,0.583183908628587,0.019928633617024332,0.10566672602632114,0.27662614901767896,Chronos2Predictor,amazon/chronos-2,cuda,128,,False,24.022,119477664,789,477910656,3156,477913812,32.0002,32.0,gptq,4,,group_64,True,True,0.01,one_shot_fp_activations,126,0,119439360,,4.25,0.00542273,128,1024,123,synthetic
chronos2-w4-gptq-g64,autogluon/chronos_datasets,m4_quarterly,8,1,-8,8,1,,4,MASE,['WQL'],"[0.1, 0.2, 0.3, 0.4, 0.5, 0.6, 0.7, 0.8, 0.9]",id,timestamp,target,,[],[],[],m4_quarterly,1.1898935705020608,,28.02067750005517,24000,8f981bc816ddcfa7,False,0.9.0,1.1898935705020608,0.07562159785736464,0.04132572054038101,0.06491942028528921,0.08067111548217999,0.09033218784714242,0.09498417445609524,0.09422069283447314,0.08786213141133106,0.07450319584082432,0.0517757420185654,chronos2_w4_gptq_g64_full,d440761e3ed0e87fe1dcfc0d9869029398bb7b61+dirty,NVIDIA RTX 2000 Ada Generation Laptop GPU,786.2,38.264,0.010549479166666681,0.787796875,0.5906979166666667,0.3845885416666667,0.19471875,0.105546875,0.947256267588254,0.5405649327395053,0.834712473455879,1.0257611709278558,1.1385724638445125,1.1898935705020683,1.172299975449536,1.0861200817715866,0.9112514156378504,0.6261303239654925,451.78944851056264,246.8940755186923,387.8509568607305,481.95700444164265,539.6755753189695,567.46814416288,562.9068422259492,524.9186081754024,445.10772999915395,309.3260998916429,567.4681441628746,1350.2435109645482,1.3241406276844043,0.09498417445609435,0.10394277403247482,0.11686905556885836,Chronos2Predictor,amazon/chronos-2,cuda,128,,False,24.022,119477664,789,477910656,3156,477913812,32.0002,32.0,gptq,4,,group_64,True,True,0.01,one_shot_fp_activations,126,0,119439360,,4.25,0.00542273,128,1024,123,synthetic
chronos2-w4-gptq-g64,autogluon/chronos_datasets,m4_yearly,6,1,-6,6,1,,1,MASE,['WQL'],"[0.1, 0.2, 0.3, 0.4, 0.5, 0.6, 0.7, 0.8, 0.9]",id,timestamp,target,,[],[],[],m4_yearly,3.357603616461996,,18.132339100004174,23000,d037305b67780107,False,0.9.0,3.357603616461996,0.11599686747962809,0.06341262169995192,0.09859291603750982,0.12145880604370508,0.13703090401599433,0.14364502279792266,0.1441114987828554,0.13552688212248393,0.11672196518553676,0.08347119063069314,chronos2_w4_gptq_g64_full,d440761e3ed0e87fe1dcfc0d9869029398bb7b61+dirty,NVIDIA RTX 2000 Ada Generation Laptop GPU,775.8,28.896,0.02565398550724638,0.7785869565217391,0.5697463768115942,0.36218840579710143,0.18686231884057972,0.08538405797101449,2.714662623533534,1.5433123738404517,2.361336529536994,2.884520623400652,3.2291100154698102,3.3576036164620193,3.3481156459446155,3.130102361519885,2.678883417489761,1.8989790281376162,723.4881635577923,395.5131049391534,614.9373626517373,757.5550136982372,854.6802965572092,895.9334506730376,898.8429245322525,845.2995084262051,728.0106960972158,520.6211144450829,895.9334506730492,1893.3139811228493,3.8937107006309715,0.14364502279792452,0.15082011464654477,0.16642080353274313,Chronos2Predictor,amazon/chronos-2,cuda,128,,False,24.022,119477664,789,477910656,3156,477913812,32.0002,32.0,gptq,4,,group_64,True,True,0.01,one_shot_fp_activations,126,0,119439360,,4.25,0.00542273,128,1024,123,synthetic
chronos2-w4-gptq-g64,autogluon/chronos_datasets,dominick,8,1,-8,8,1,,1,MASE,['WQL'],"[0.1, 0.2, 0.3, 0.4, 0.5, 0.6, 0.7, 0.8, 0.9]",id,timestamp,target,,[],[],[],dominick,0.8210347100386478,,190.28682330006268,100014,595e91ce45a2ad22,False,0.9.0,0.8210347100386478,0.33107542565028614,0.20440870270329223,0.306419343016975,0.3727556420683022,0.40764707531427,0.4152603457855484,0.4010552873204914,0.3600649723156045,0.2965555925594609,0.2155118697686313,chronos2_w4_gptq_g64_full,d440761e3ed0e87fe1dcfc0d9869029398bb7b61+dirty,NVIDIA RTX 2000 Ada Generation Laptop GPU,629.9,231.609,0.036571192533045416,0.792452806607075,0.6521324514567961,0.4340117383566301,0.2525933869258304,0.6959350690903273,0.6990778136245756,0.4999199747522145,0.6775078548470818,0.7762260484312048,0.8187125793796268,0.8210347100386411,0.7985711047201215,0.7357239920896389,0.6396990745368725,0.5243049838257783,3.9464481073715962,2.436569661820182,3.6525454401702837,4.443279942215981,4.859188886308018,4.949939737970507,4.78061419535611,4.292006045857046,3.534968669716289,2.5689203869299426,4.949939737970507,11.64693365251496,0.8886042356641908,0.4152603457855484,1.4184396500226988,0.44718034115960903,Chronos2Predictor,amazon/chronos-2,cuda,128,,False,24.022,119477664,789,477910656,3156,477913812,32.0002,32.0,gptq,4,,group_64,True,True,0.01,one_shot_fp_activations,126,0,119439360,,4.25,0.00542273,128,1024,123,synthetic
chronos2-w4-gptq-g64,autogluon/chronos_datasets,m5,28,1,-28,28,1,,1,MASE,['WQL'],"[0.1, 0.2, 0.3, 0.4, 0.5, 0.6, 0.7, 0.8, 0.9]",id,timestamp,target,,[],[],[],m5,0.907478409683485,,222.97319560009055,30490,e9052ec41c34ce71,False,0.9.0,0.907478409683485,0.5529693557828179,0.20814919268422408,0.37531716363453027,0.5150362534419816,0.6250743274647785,0.70112861976737,0.7364481076423789,0.7212409077398039,0.6397343143835542,0.4545953152867394,chronos2_w4_gptq_g64_full,d440761e3ed0e87fe1dcfc0d9869029398bb7b61+dirty,NVIDIA RTX 2000 Ada Generation Laptop GPU,1141.7,247.34,0.04767634587452563,0.7074310078245795,0.5317961392494026,0.37746802230239423,0.19259944712552124,0.5915382092489341,0.7431508553775213,0.2241398111784659,0.42643473254074943,0.6110413786112762,0.7741513045330217,0.907478409683505,1.0001193243212352,1.0324567698075902,0.9718330526267278,0.7407029150951214,0.7961367426153824,0.2996824661414428,0.5403622840557487,0.7415226193929907,0.8999497598846375,1.0094488051798067,1.0602999811691993,1.0384054395130933,0.921056452525454,0.6545028756760688,1.0094488051798067,2.4204868203123224,0.896765213705593,0.70112861976737,1.5855644167500733,0.703018209374237,Chronos2Predictor,amazon/chronos-2,cuda,128,,False,24.022,119477664,789,477910656,3156,477913812,32.0002,32.0,gptq,4,,group_64,True,True,0.01,one_shot_fp_activations,126,0,119439360,,4.25,0.00542273,128,1024,123,synthetic
chronos2-w4-gptq-g64,autogluon/chronos_datasets,monash_tourism_monthly,24,1,-24,24,1,,12,MASE,['WQL'],"[0.1, 0.2, 0.3, 0.4, 0.5, 0.6, 0.7, 0.8, 0.9]",id,timestamp,target,,[],[],[],monash_tourism_monthly,1.456409484181992,,0.8169636999955401,366,3b8394ecb5a82e94,False,0.9.0,1.456409484181992,0.07614985740491542,0.049790453152078584,0.07019797660499212,0.082477396378786,0.08867629835796668,0.09136095698681611,0.09094225228411304,0.08506464249480944,0.07376670818808787,0.053072032196588945,chronos2_w4_gptq_g64_full,d440761e3ed0e87fe1dcfc0d9869029398bb7b61+dirty,NVIDIA RTX 2000 Ada Generation Laptop GPU,609.8,2.642,0.00933515482695809,0.8117030965391621,0.6127049180327869,0.4098360655737705,0.20309653916211293,0.2211976320582878,1.1418722394397045,0.6388302064580257,0.9997057387828193,1.245909604947236,1.4008501143531795,1.4564094841819946,1.4170800631494256,1.2981883799055995,1.0772866529263252,0.7425899102527361,1447.3888969375782,946.3727381997353,1334.2608297384813,1567.6571412629958,1685.4803677749258,1736.5079760185295,1728.5496086828496,1616.8332189287103,1402.0921119700067,1008.746079861971,1736.5079760185297,7004.734297356229,1.393815479573387,0.09136095698681612,0.18578407241067554,0.19744543646374602,Chronos2Predictor,amazon/chronos-2,cuda,128,,False,24.022,119477664,789,477910656,3156,477913812,32.0002,32.0,gptq,4,,group_64,True,True,0.01,one_shot_fp_activations,126,0,119439360,,4.25,0.00542273,128,1024,123,synthetic
chronos2-w4-gptq-g64,autogluon/chronos_datasets,monash_tourism_quarterly,8,1,-8,8,1,,4,MASE,['WQL'],"[0.1, 0.2, 0.3, 0.4, 0.5, 0.6, 0.7, 0.8, 0.9]",id,timestamp,target,,[],[],[],monash_tourism_quarterly,1.6150854341311793,,0.28547090000938624,427,6a796cb25cf1ae99,False,0.9.0,1.6150854341311793,0.06308195543335238,0.04651872330934742,0.06453699979241555,0.07203518150310587,0.07301854716522399,0.07671377362078234,0.07147561890035413,0.06313257577596605,0.0587086473456107,0.041597531487365356,chronos2_w4_gptq_g64_full,d440761e3ed0e87fe1dcfc0d9869029398bb7b61+dirty,NVIDIA RTX 2000 Ada Generation Laptop GPU,541.4,1.692,0.005518149882903972,0.8079625292740047,0.607728337236534,0.4031030444964871,0.19672131147540983,0.3094262295081967,1.287501788791552,0.748139490850129,1.196498500744589,1.4511909149555393,1.5434393521331309,1.6150854341311847,1.5748487325422285,1.432639295922322,1.2013630227200538,0.8243113551247908,6027.03920954411,4444.53833806069,6166.0585113944635,6882.45727963435,6976.410984179337,7329.464002000337,6828.994990397892,6031.875628891566,5609.200238967439,3974.3529123709227,7329.464002000336,42444.60558414614,1.6117748474290692,0.07671377362078233,0.15276331185739458,0.16412132392594503,Chronos2Predictor,amazon/chronos-2,cuda,128,,False,24.022,119477664,789,477910656,3156,477913812,32.0002,32.0,gptq,4,,group_64,True,True,0.01,one_shot_fp_activations,126,0,119439360,,4.25,0.00542273,128,1024,123,synthetic
chronos2-w4-gptq-g64,autogluon/chronos_datasets,monash_tourism_yearly,4,1,-4,4,1,,1,MASE,['WQL'],"[0.1, 0.2, 0.3, 0.4, 0.5, 0.6, 0.7, 0.8, 0.9]",id,timestamp,target,,[],[],[],monash_tourism_yearly,3.7461259952941326,,0.19742710003629327,518,b340ddcc0f09aa4c,False,0.9.0,3.7461259952941326,0.1569386798343394,0.08666180970906164,0.13476245183497093,0.17024398766194807,0.19258270807754566,0.20738094744527374,0.20625505942086506,0.18641121529497462,0.14276935898428417,0.08538058008013087,chronos2_w4_gptq_g64_full,d440761e3ed0e87fe1dcfc0d9869029398bb7b61+dirty,NVIDIA RTX 2000 Ada Generation Laptop GPU,516.4,1.731,0.07106660231660233,0.6998069498069498,0.5091698841698842,0.3359073359073359,0.17084942084942084,0.009652509652509652,2.9211906035645194,1.4932688789596145,2.357541563358211,2.998314264412093,3.4781438763724335,3.746125995294142,3.785735102577771,3.532453248430408,2.9699580196126107,1.9291744830633923,74616.61278343949,41203.422285691144,64072.908583985125,80942.63134804773,91563.59268841094,98599.42667111028,98064.12236726693,88629.35182606278,67879.79858066351,40594.260699716855,98599.42667111031,586651.5617704454,3.3090594090443206,0.2073809474452738,0.43094311759068693,0.3492713340985918,Chronos2Predictor,amazon/chronos-2,cuda,128,,False,24.022,119477664,789,477910656,3156,477913812,32.0002,32.0,gptq,4,,group_64,True,True,0.01,one_shot_fp_activations,126,0,119439360,,4.25,0.00542273,128,1024,123,synthetic
chronos2-w4-gptq-g64,autogluon/chronos_datasets,monash_car_parts,12,1,-12,12,1,,12,MASE,['WQL'],"[0.1, 0.2, 0.3, 0.4, 0.5, 0.6, 0.7, 0.8, 0.9]",id,timestamp,target,,[],[],[],monash_car_parts,0.8418395531440691,,1.2605097000487149,2674,b9a6f5bef9643046,False,0.9.0,0.8418395531440691,0.9679703864862543,0.22399133847279998,0.43697489156659075,0.6556045465214191,0.8760364684341293,1.092958803554545,1.2930177780150238,1.4331744480359614,1.4549367831339342,1.2450384206418847,chronos2_w4_gptq_g64_full,d440761e3ed0e87fe1dcfc0d9869029398bb7b61+dirty,NVIDIA RTX 2000 Ada Generation Laptop GPU,516.4,3.365,0.04125481599574863,0.7379101899827288,0.5888136043576458,0.4764846552411319,0.2152584030822373,0.7401520817751184,0.7771710911280452,0.17481061579332913,0.3409017973516194,0.5072108024183497,0.6747443066327302,0.841839553144068,1.0000979523883133,1.1336631120209848,1.2056594669513294,1.1156122134516813,0.4036746437067028,0.09341155991312862,0.18223252087518643,0.27340808709057185,0.3653352563325006,0.4557988155118529,0.5392298133637784,0.597679632308341,0.6067552228321269,0.5192208851328386,0.4557988155118529,1.1704140741265272,1.0896636562875148,1.092958803554545,1.9041004198406712,0.8464268532082407,Chronos2Predictor,amazon/chronos-2,cuda,128,,False,24.022,119477664,789,477910656,3156,477913812,32.0002,32.0,gptq,4,,group_64,True,True,0.01,one_shot_fp_activations,126,0,119439360,,4.25,0.00542273,128,1024,123,synthetic
chronos2-w4-gptq-g64,autogluon/chronos_datasets,monash_hospital,12,1,-12,12,1,,12,MASE,['WQL'],"[0.1, 0.2, 0.3, 0.4, 0.5, 0.6, 0.7, 0.8, 0.9]",id,timestamp,target,,[],[],[],monash_hospital,0.7685018362858679,,0.5740563999861479,767,624a20881cba7608,False,0.9.0,0.7685018362858679,0.05303935867764953,0.03061690198742855,0.04779032672764897,0.058873549539744496,0.06492078787270397,0.06697526989858638,0.06476516610893977,0.05934351232918271,0.049686883677776926,0.034381829956833955,chronos2_w4_gptq_g64_full,d440761e3ed0e87fe1dcfc0d9869029398bb7b61+dirty,NVIDIA RTX 2000 Ada Generation Laptop GPU,525.4,2.032,0.01466753585397651,0.8173620165145589,0.6165797479356802,0.41395045632333766,0.21077792264232942,0.0047805302042590175,0.6034178141316211,0.32888249626627164,0.5275088633544941,0.6603225541825527,0.7380412248958702,0.7685018362858702,0.7534372705963978,0.6916016422507688,0.5766874080772754,0.38577703127508933,14.6104589316977,8.43386873928473,13.164537117243915,16.217571236889363,17.88337055114698,18.449307357575883,17.840502284164838,16.3470292885269,13.686971176069498,9.470972634377214,18.449307357575883,56.400236508181855,0.7992692692747705,0.06697526989858638,0.1753709313904724,0.19513114282387725,Chronos2Predictor,amazon/chronos-2,cuda,128,,False,24.022,119477664,789,477910656,3156,477913812,32.0002,32.0,gptq,4,,group_64,True,True,0.01,one_shot_fp_activations,126,0,119439360,,4.25,0.00542273,128,1024,123,synthetic
chronos2-w4-gptq-g64,autogluon/chronos_datasets,monash_cif_2016,12,1,-12,12,1,,12,MASE,['WQL'],"[0.1, 0.2, 0.3, 0.4, 0.5, 0.6, 0.7, 0.8, 0.9]",id,timestamp,target,,[],[],[],monash_cif_2016,0.9386233293187137,,0.044660800020210445,72,6774a94e82fc4a86,False,0.9.0,0.9386233293187137,0.010136255615564322,0.008493639819593292,0.010369085752397282,0.011398473296230376,0.012317133090321689,0.012618017947197274,0.012088456390242615,0.010689912730440792,0.008192353335583056,0.005059228178072512,chronos2_w4_gptq_g64_full,d440761e3ed0e87fe1dcfc0d9869029398bb7b61+dirty,NVIDIA RTX 2000 Ada Generation Laptop GPU,515.4,1.227,0.08362268518518519,0.7037037037037037,0.4930555555555556,0.30439814814814814,0.16435185185185186,0.2326388888888889,0.7758604791206067,0.3861082599183942,0.6205606564476879,0.7807428504088176,0.8802201948389198,0.9386233293187142,0.9495438109969009,0.9128889943879069,0.830304797668616,0.6837514180995031,437179.4698337798,366333.0024538008,447221.4971506189,491619.262729402,531241.3102556857,544218.5562130488,521378.4217990845,461058.8522340943,353338.4342085577,218205.89145972545,544218.5562130488,2771793.455505589,1.4908891323045677,0.012618017947197274,0.14661738948235867,0.1689514853798271,Chronos2Predictor,amazon/chronos-2,cuda,128,,False,24.022,119477664,789,477910656,3156,477913812,32.0002,32.0,gptq,4,,group_64,True,True,0.01,one_shot_fp_activations,126,0,119439360,,4.25,0.00542273,128,1024,123,synthetic
chronos2-w4-gptq-g64,autogluon/chronos_datasets,monash_m1_yearly,6,1,-6,6,1,,1,MASE,['WQL'],"[0.1, 0.2, 0.3, 0.4, 0.5, 0.6, 0.7, 0.8, 0.9]",id,timestamp,target,,[],[],[],monash_m1_yearly,3.7775453794327483,,0.15562119998503476,181,0a830afdc2028b0f,False,0.9.0,3.7775453794327483,0.13328966517719698,0.07157519844555552,0.10801305788999993,0.13183784802780604,0.1522634199154662,0.1606215899568648,0.16234134834978828,0.15877152243660975,0.1429376892548463,0.11124531231783577,chronos2_w4_gptq_g64_full,d440761e3ed0e87fe1dcfc0d9869029398bb7b61+dirty,NVIDIA RTX 2000 Ada Generation Laptop GPU,520.2,1.408,0.05593922651933705,0.7587476979742173,0.5211786372007366,0.3314917127071823,0.16482504604051565,0.06077348066298342,3.114316734525141,1.6537842571466197,2.507858048277949,3.089689226959242,3.5208834422922135,3.7775453794327505,3.839455872192196,3.7196894488839543,3.3400666527772125,2.579878282764129,110466.87905187241,59319.59375310679,89518.3087608116,109263.65216077029,126191.81516785613,133118.84103914714,134544.1304052579,131585.5549833519,118462.90115499924,92197.1140415507,133118.84103914662,1087522.2732769705,6.166251220927661,0.16062158995686415,0.18588676316510808,0.1796517273999326,Chronos2Predictor,amazon/chronos-2,cuda,128,,False,24.022,119477664,789,477910656,3156,477913812,32.0002,32.0,gptq,4,,group_64,True,True,0.01,one_shot_fp_activations,126,0,119439360,,4.25,0.00542273,128,1024,123,synthetic
chronos2-w4-gptq-g64,autogluon/chronos_datasets,monash_m1_quarterly,8,1,-8,8,1,,4,MASE,['WQL'],"[0.1, 0.2, 0.3, 0.4, 0.5, 0.6, 0.7, 0.8, 0.9]",id,timestamp,target,,[],[],[],monash_m1_quarterly,1.6677823844166548,,0.28339509991928935,203,d0b672d902c398ec,False,0.9.0,1.6677823844166548,0.08232139729698609,0.05309151472001619,0.08396694063240015,0.10181167509451912,0.11016249024282343,0.10996866734577285,0.09980336232915313,0.08403389138298288,0.05991460074932937,0.03813943317587775,chronos2_w4_gptq_g64_full,d440761e3ed0e87fe1dcfc0d9869029398bb7b61+dirty,NVIDIA RTX 2000 Ada Generation Laptop GPU,536.9,1.599,0.05464901477832513,0.7204433497536946,0.5320197044334976,0.35098522167487683,0.17795566502463053,0.11945812807881774,1.3707493254668046,0.7394253766691679,1.1528950615771572,1.4145721857648428,1.5733269519329105,1.6677823844166553,1.684999926927814,1.6085868894182254,1.4225487692721581,1.0726063832223105,1511.7781145366841,974.9906179527544,1541.9974315391148,1869.7041992246247,2023.0614063940186,2019.5019768474078,1832.8228611337308,1543.2269378741157,1100.2920884259033,700.4055114384856,2019.5019768474078,10920.210129090137,2.2278579465231836,0.10996866734577285,0.16573339288174038,0.16274385886191545,Chronos2Predictor,amazon/chronos-2,cuda,128,,False,24.022,119477664,789,477910656,3156,477913812,32.0002,32.0,gptq,4,,group_64,True,True,0.01,one_shot_fp_activations,126,0,119439360,,4.25,0.00542273,128,1024,123,synthetic
chronos2-w4-gptq-g64,autogluon/chronos_datasets,monash_m1_monthly,18,1,-18,18,1,,12,MASE,['WQL'],"[0.1, 0.2, 0.3, 0.4, 0.5, 0.6, 0.7, 0.8, 0.9]",id,timestamp,target,,[],[],[],monash_m1_monthly,1.0300502569230727,,0.46416930004488677,617,def911ebb3dcee63,False,0.9.0,1.0300502569230727,0.147767915196618,0.07470999543359672,0.13079063920583586,0.16245723578046437,0.18213036331595803,0.1921924957366057,0.1878889273322702,0.17150934827070152,0.13854702808475783,0.08968520360937164,chronos2_w4_gptq_g64_full,d440761e3ed0e87fe1dcfc0d9869029398bb7b61+dirty,NVIDIA RTX 2000 Ada Generation Laptop GPU,551.9,1.971,0.03955069331892674,0.7550873401764812,0.5521339816315505,0.35692418512515756,0.17765171979110392,0.1078696200252116,0.8228319914605452,0.4979143737340054,0.7657833199918308,0.9210079584785632,1.0049769759370801,1.0300502569230674,0.9999097163223808,0.9147337967677055,0.7585965703708166,0.5125149546194568,1552.790821179478,785.0756708943867,1374.3883696592,1707.150731729813,1913.8820226217547,2019.6180130326945,1974.3947891164707,1802.2731212446247,1455.8948958943638,942.4397764219943,2019.6180130326934,26184.953417036853,1.1811501430963607,0.1921924957366056,0.14806676270280272,0.1678980719945143,Chronos2Predictor,amazon/chronos-2,cuda,128,,False,24.022,119477664,789,477910656,3156,477913812,32.0002,32.0,gptq,4,,group_64,True,True,0.01,one_shot_fp_activations,126,0,119439360,,4.25,0.00542273,128,1024,123,synthetic
chronos2-w4-gptq-g64,autogluon/chronos_datasets,monash_m3_monthly,18,1,-18,18,1,,12,MASE,['WQL'],"[0.1, 0.2, 0.3, 0.4, 0.5, 0.6, 0.7, 0.8, 0.9]",id,timestamp,target,,[],[],[],monash_m3_monthly,0.8091569500981713,,1.0475583999650553,1428,3c048c177c4d90d8,False,0.9.0,0.8091569500981713,0.08853139491110405,0.04587461896195912,0.07336545022197899,0.09290004166910001,0.10563508639202068,0.11193707761316576,0.11167660602806108,0.10461010472062461,0.08917164480190824,0.06161192379111791,chronos2_w4_gptq_g64_full,d440761e3ed0e87fe1dcfc0d9869029398bb7b61+dirty,NVIDIA RTX 2000 Ada Generation Laptop GPU,546.7,2.806,0.01658302209772801,0.7782835356364768,0.5823218176159353,0.3818860877684407,0.19117647058823528,0.060652038593215066,0.641857759637894,0.3534324398328276,0.555113635248711,0.6881286569875837,0.7718777202753245,0.8091569500981723,0.8001838228766278,0.7432213424366413,0.6261596831043823,0.4294455858807756,470.2095878419384,243.65012768824306,389.65994092100533,493.4124255874291,561.0510314890528,594.5222842311292,593.1388627138292,555.6071298117255,473.6100949453584,327.2343931896734,594.5222842311296,1140.1395660191629,0.9287358022764213,0.11193707761316582,0.13424381569648555,0.18687043473175038,Chronos2Predictor,amazon/chronos-2,cuda,128,,False,24.022,119477664,789,477910656,3156,477913812,32.0002,32.0,gptq,4,,group_64,True,True,0.01,one_shot_fp_activations,126,0,119439360,,4.25,0.00542273,128,1024,123,synthetic
chronos2-w4-gptq-g64,autogluon/chronos_datasets,monash_m3_yearly,6,1,-6,6,1,,1,MASE,['WQL'],"[0.1, 0.2, 0.3, 0.4, 0.5, 0.6, 0.7, 0.8, 0.9]",id,timestamp,target,,[],[],[],monash_m3_yearly,2.7702414078875264,,0.39877019997220486,645,dee2eddb804496cf,False,0.9.0,2.7702414078875264,0.13355202824709286,0.07045985839228781,0.10795682635013949,0.13516305225765937,0.1546807123880622,0.16368487636742882,0.16807989343847418,0.1593698686019026,0.13996655021217336,0.10260661621570799,chronos2_w4_gptq_g64_full,d440761e3ed0e87fe1dcfc0d9869029398bb7b61+dirty,NVIDIA RTX 2000 Ada Generation Laptop GPU,516.4,1.812,0.035335917312661475,0.834625322997416,0.6498708010335917,0.4263565891472868,0.23049095607235143,0.050387596899224806,2.2835183216634753,1.3100051434388515,1.9314119102907399,2.360620885321125,2.651450745839223,2.770241407887518,2.821855448010102,2.6772691022198494,2.3416215715637643,1.6871886804001046,822.6800360601243,434.032486093826,665.0136801393177,832.6039384411083,952.8326579194932,1008.2982771576484,1035.3715672450355,981.7178441179121,862.1934693700056,632.0564040567722,1008.2982771576479,2120.4479069712015,3.4126317273946465,0.16368487636742876,0.16371155429425518,0.19548012954202346,Chronos2Predictor,amazon/chronos-2,cuda,128,,False,24.022,119477664,789,477910656,3156,477913812,32.0002,32.0,gptq,4,,group_64,True,True,0.01,one_shot_fp_activations,126,0,119439360,,4.25,0.00542273,128,1024,123,synthetic
chronos2-w4-gptq-g64,autogluon/chronos_datasets,monash_m3_quarterly,8,1,-8,8,1,,4,MASE,['WQL'],"[0.1, 0.2, 0.3, 0.4, 0.5, 0.6, 0.7, 0.8, 0.9]",id,timestamp,target,,[],[],[],monash_m3_quarterly,1.1818717544092119,,0.3356037000194192,756,45ad969182a48e63,False,0.9.0,1.1818717544092119,0.07096862575195258,0.04207864609011339,0.06443235934300832,0.07830490106631847,0.08598650963006553,0.08878065883565196,0.08614912016477502,0.07919230652766023,0.06709817336608305,0.04669495674389724,chronos2_w4_gptq_g64_full,d440761e3ed0e87fe1dcfc0d9869029398bb7b61+dirty,NVIDIA RTX 2000 Ada Generation Laptop GPU,520.2,1.713,0.010830026455026447,0.7893518518518519,0.5889550264550265,0.38293650793650796,0.19543650793650794,0.10416666666666667,0.9475072833450372,0.5733491032686694,0.8711589872120249,1.0540660271106208,1.1511583275315715,1.1818717544092106,1.140231690132919,1.0500271998438624,0.8868880196497415,0.6188144409467138,410.8905281951386,243.6247980640558,373.0471864544913,453.365720675836,497.84030598312563,514.0177284817971,498.7817801597626,458.50357553593136,388.48158046177616,270.35207793947177,514.0177284817973,972.0060296614598,1.4659268151200613,0.088780658835652,0.09759225821139962,0.12915522325612444,Chronos2Predictor,amazon/chronos-2,cuda,128,,False,24.022,119477664,789,477910656,3156,477913812,32.0002,32.0,gptq,4,,group_64,True,True,0.01,one_shot_fp_activations,126,0,119439360,,4.25,0.00542273,128,1024,123,synthetic
