model_name,dataset_path,dataset_config,horizon,num_windows,initial_cutoff,window_step_size,min_context_length,max_context_length,seasonality,eval_metric,extra_metrics,quantile_levels,id_column,timestamp_column,target,generate_univariate_targets_from,known_dynamic_columns,past_dynamic_columns,static_columns,task_name,test_error,training_time_s,inference_time_s,num_forecasts,dataset_fingerprint,trained_on_this_dataset,fev_version,MASE,WQL,WQL[0.1],WQL[0.2],WQL[0.3],WQL[0.4],WQL[0.5],WQL[0.6],WQL[0.7],WQL[0.8],WQL[0.9],run_name,git_sha,gpu_name,peak_gpu_memory_mb,task_wall_time_s,MACE,coverage[0.8],coverage[0.6],coverage[0.4],coverage[0.2],QCR,SQL,SQL[0.1],SQL[0.2],SQL[0.3],SQL[0.4],SQL[0.5],SQL[0.6],SQL[0.7],SQL[0.8],SQL[0.9],MQL,MQL[0.1],MQL[0.2],MQL[0.3],MQL[0.4],MQL[0.5],MQL[0.6],MQL[0.7],MQL[0.8],MQL[0.9],MAE,RMSE,RMSSE,WAPE,SMAPE,MAPE
chronos2-w8a8-torchao-dyn,autogluon/chronos_datasets,monash_traffic,24,1,-24,24,1,,24,MASE,['WQL'],"[0.1, 0.2, 0.3, 0.4, 0.5, 0.6, 0.7, 0.8, 0.9]",id,timestamp,target,,[],[],[],monash_traffic,0.8183473609534134,,33.945950100023765,862,be2fb167dd7ded22,False,0.9.0,0.8183473609534134,0.24114100948954112,0.10932044429945721,0.16640815976093612,0.21181090735686675,0.2503654797406627,0.281326751210206,0.300810345723373,0.30960545737481027,0.2968561300868771,0.24376540985268105,chronos2_w8a8_torchao_dyn_full,cb21a8550d7e18fe833778afd6c7a699317ecc1b+dirty,NVIDIA RTX 2000 Ada Generation Laptop GPU,3748.0,37.85,0.18397138437741686,0.5767111368909513,0.3517014694508894,0.22955336426914152,0.10614849187935035,0.23047177107501934,0.6989642465957939,0.35925524677865645,0.5192422130888845,0.6407521306028897,0.7415946858542884,0.8183473609534102,0.860502541666857,0.8710259060152493,0.8194278917522478,0.6605302426496618,0.010796617794210551,0.00489460941004195,0.007450600387632035,0.00948341974771494,0.011209625435947843,0.012595855904116937,0.013468195800434598,0.013861979749332324,0.01329115351719331,0.010914120195481034,0.012595855904117008,0.028736155202695395,0.7668300123048699,0.28132675121020756,0.3672228649559433,0.32260740086746814
chronos2-w8a8-torchao-dyn,autogluon/chronos_datasets,monash_australian_electricity,48,1,-48,48,1,,48,MASE,['WQL'],"[0.1, 0.2, 0.3, 0.4, 0.5, 0.6, 0.7, 0.8, 0.9]",id,timestamp,target,,[],[],[],monash_australian_electricity,0.6405597204921338,,0.984146399947349,5,fd85c748679db95e,False,0.9.0,0.6405597204921338,0.030874489465023486,0.019588785670249548,0.028313176332133965,0.03333394418572289,0.035316294428693065,0.036095811043334,0.03603643477913462,0.03568223099382852,0.03159976080132783,0.021903966950786967,chronos2_w8a8_torchao_dyn_full,cb21a8550d7e18fe833778afd6c7a699317ecc1b+dirty,NVIDIA RTX 2000 Ada Generation Laptop GPU,387.6,2.962,0.06458333333333334,0.6708333333333333,0.525,0.42083333333333334,0.23333333333333334,0.09583333333333334,0.5407259732439262,0.39712036534223727,0.5474280595894875,0.6201948913860886,0.642186520266062,0.6405597204921344,0.6176368768814747,0.5812659224579407,0.4911950498001233,0.32894635297978764,101.2395942994055,64.23298808942955,92.84087072727216,109.30431706683589,115.80458113063473,118.36067022500818,118.16597133272788,117.00451253146326,103.61780936034181,71.82462823093587,118.36067022500815,179.86510192265106,0.7024516268229699,0.036095811043333995,0.061479420571855965,0.06880078818318945
chronos2-w8a8-torchao-dyn,autogluon/chronos_datasets,ercot,24,1,-24,24,1,,24,MASE,['WQL'],"[0.1, 0.2, 0.3, 0.4, 0.5, 0.6, 0.7, 0.8, 0.9]",id,timestamp,target,,[],[],[],ercot,0.8562184056839337,,0.5016083000227809,8,79eb6c1f921ef77b,False,0.9.0,0.8562184056839337,0.027091585741412967,0.015598340811089196,0.024327881490150437,0.030410202130902154,0.034389582014880335,0.034792299501313836,0.034743205290558986,0.030450244758217088,0.024311923411384388,0.014800592264220295,chronos2_w8a8_torchao_dyn_full,cb21a8550d7e18fe833778afd6c7a699317ecc1b+dirty,NVIDIA RTX 2000 Ada Generation Laptop GPU,469.0,1.921,0.07421875,0.703125,0.4791666666666667,0.3385416666666667,0.18229166666666666,0.078125,0.6704631767760618,0.3726298527240526,0.5864807937705272,0.7369970777331379,0.8374255618609953,0.8562184056839336,0.8580035525189685,0.7629690299393382,0.618856140797586,0.40458817595601687,199.26608946764912,114.7301012674968,178.93828201293942,223.67542883555095,252.94486605326333,255.906964302063,255.5458628336589,223.96995340983085,178.82090593973797,108.86244055430096,255.906964302063,460.7014721077753,0.8214551661525846,0.034792299501313836,0.0330025672337985,0.03199283131147626
chronos2-w8a8-torchao-dyn,autogluon/chronos_datasets_extra,ETTm,24,1,-96,24,1,,96,MASE,['WQL'],"[0.1, 0.2, 0.3, 0.4, 0.5, 0.6, 0.7, 0.8, 0.9]",id,timestamp,target,__ALL__,[],[],[],ETTm,0.578792366271526,,0.6338824999984354,14,7fedfe5599331980,False,0.9.0,0.578792366271526,0.045720969506920624,0.025153077743086165,0.0391790823234764,0.04883208422932842,0.05450270389844558,0.05706655121436605,0.05755233584839282,0.05364798282042464,0.04518195698384352,0.03037295050092199,chronos2_w8a8_torchao_dyn_full,cb21a8550d7e18fe833778afd6c7a699317ecc1b+dirty,NVIDIA RTX 2000 Ada Generation Laptop GPU,631.4,1.989,0.04464285714285716,0.7410714285714286,0.5327380952380952,0.36607142857142855,0.18154761904761904,0.023809523809523808,0.45224940527176244,0.23735416604692852,0.3727825905291396,0.4735630778623765,0.5426360354811726,0.5787923662715259,0.5862789826996037,0.5476597393885391,0.44745152918940334,0.28372615997717254,0.7125675677977228,0.39201415943957535,0.6106113606265616,0.761054716578552,0.8494321002846676,0.8893900116284689,0.8969610316412785,0.8361111552942374,0.7041669838485258,0.47336659083763777,0.889390011628469,1.3758686674349982,0.4864928090455831,0.05706655121436606,0.1616861520720339,0.08270035410838646
chronos2-w8a8-torchao-dyn,autogluon/chronos_datasets_extra,ETTh,24,1,-24,24,1,,24,MASE,['WQL'],"[0.1, 0.2, 0.3, 0.4, 0.5, 0.6, 0.7, 0.8, 0.9]",id,timestamp,target,__ALL__,[],[],[],ETTh,0.7620202975740307,,0.6204477000283077,14,5a13efe0f5d52d9e,False,0.9.0,0.7620202975740307,0.07355816796084959,0.039252301864337896,0.06336161039322918,0.08058737554371434,0.09156023497667698,0.09616461151396201,0.09531860202570397,0.08592142008222603,0.06792974310442026,0.041927612143375564,chronos2_w8a8_torchao_dyn_full,cb21a8550d7e18fe833778afd6c7a699317ecc1b+dirty,NVIDIA RTX 2000 Ada Generation Laptop GPU,631.4,1.668,0.1078869047619048,0.6934523809523809,0.44345238095238093,0.27976190476190477,0.15178571428571427,0.023809523809523808,0.5848245371644859,0.3176579924763554,0.5006852231813405,0.6355455341561939,0.7229254544496935,0.7620202975740307,0.7614802876742746,0.6922352961797078,0.547687925144614,0.3231828236441627,1.087218400977907,0.5801643250598796,0.9365093047420169,1.1911128295674211,1.3532959700340315,1.4213504503880228,1.4088461003133228,1.2699520874591106,1.0040280872157652,0.6197064540215903,1.421350450388023,2.203157001507313,0.5740956943942443,0.09616461151396202,0.1856678676186736,0.16797841958046844
chronos2-w8a8-torchao-dyn,autogluon/chronos_datasets,exchange_rate,30,1,-30,30,1,,5,MASE,['WQL'],"[0.1, 0.2, 0.3, 0.4, 0.5, 0.6, 0.7, 0.8, 0.9]",id,timestamp,target,,[],[],[],exchange_rate,1.8884895796176544,,0.45357090001925826,8,10a2ba1c59eb8128,False,0.9.0,1.8884895796176544,0.012289979816080342,0.004909103410078725,0.010669324449326814,0.014263323073585016,0.01598434874310137,0.016280568992377016,0.015891866267166512,0.014151097599611896,0.011393804395028219,0.007066381414447516,chronos2_w8a8_torchao_dyn_full,cb21a8550d7e18fe833778afd6c7a699317ecc1b+dirty,NVIDIA RTX 2000 Ada Generation Laptop GPU,451.7,1.72,0.09687499999999999,0.7375,0.45,0.2916666666666667,0.13333333333333333,0.05,1.398410435075335,0.46081061576900884,1.0668489369890624,1.5442119651256485,1.8102272461058493,1.8884895796176544,1.877012385112272,1.6911061772410212,1.3784661220378172,0.8685208876796788,0.00807866185946666,0.003226936665208389,0.00701334467468162,0.009375813941781722,0.010507108268017575,0.010701824879894654,0.010446316089170671,0.009302043954376131,0.007489572349004445,0.0046449959130647304,0.010701824879894654,0.016830703812245516,1.3850432009073983,0.016280568992377016,0.01508573208941158,0.015271736029816877
chronos2-w8a8-torchao-dyn,autogluon/chronos_datasets,nn5,56,1,-56,56,1,,1,MASE,['WQL'],"[0.1, 0.2, 0.3, 0.4, 0.5, 0.6, 0.7, 0.8, 0.9]",id,timestamp,target,,[],[],[],nn5,0.576573737933732,,0.49752760003320873,111,d55bac26a9051441,False,0.9.0,0.576573737933732,0.14837598465414964,0.10116694234775087,0.14110032472507159,0.16460076966550427,0.17783226065085297,0.18265311100522783,0.1774831643296493,0.16266753762341246,0.13628516890612488,0.09159458263375277,chronos2_w8a8_torchao_dyn_full,cb21a8550d7e18fe833778afd6c7a699317ecc1b+dirty,NVIDIA RTX 2000 Ada Generation Laptop GPU,553.8,1.845,0.04366548615582744,0.7567611075338055,0.5511912427559562,0.3538312942691565,0.16355441081777206,0.0011261261261261261,0.4679126978032162,0.3153256712907156,0.44129112120717007,0.5167599848332575,0.5600934976802049,0.5765737379337306,0.5615532606941419,0.5157449004731698,0.4327171729585262,0.2911549331580296,2.887272499978196,1.9686240413392366,2.7456942460485907,3.2029932393588627,3.460466981789311,3.5542766955859255,3.4536738595033545,3.1653741615531183,2.6519953431462064,1.7823539314791577,3.5542766955859255,5.378283144531206,0.6325610934072914,0.18265311100522783,0.20570694029524478,0.5692149768042741
chronos2-w8a8-torchao-dyn,autogluon/chronos_datasets,monash_nn5_weekly,8,1,-8,8,1,,1,MASE,['WQL'],"[0.1, 0.2, 0.3, 0.4, 0.5, 0.6, 0.7, 0.8, 0.9]",id,timestamp,target,,[],[],[],monash_nn5_weekly,0.882075489182333,,0.25466070004040375,111,a469d76f0a7b342c,False,0.9.0,0.882075489182333,0.08158278986409961,0.052435549445207695,0.07812611382994139,0.09313174873529324,0.1010406537969478,0.10326914735246781,0.0998647360500579,0.08988665151965891,0.07088451677511136,0.045605991272210336,chronos2_w8a8_torchao_dyn_full,cb21a8550d7e18fe833778afd6c7a699317ecc1b+dirty,NVIDIA RTX 2000 Ada Generation Laptop GPU,305.7,1.484,0.02927927927927928,0.7702702702702703,0.5608108108108109,0.3581081081081081,0.19369369369369369,0.0,0.6974054881545819,0.4539897066264331,0.6739846561187831,0.8023974145779483,0.8662977163777779,0.8820754891823323,0.8493829981436238,0.763152937888895,0.6015363060767772,0.38383216839866546,11.110281707336,7.140889969387578,10.639537270004682,12.683066686853625,13.760134085234233,14.063619553505838,13.59999274348353,12.241135928007944,9.653346635629465,6.210812493917107,14.063619553505838,19.589948708855342,0.8330749303303211,0.10326914735246781,0.10750768755205463,0.10956208424889301
chronos2-w8a8-torchao-dyn,autogluon/chronos_datasets,monash_weather,30,1,-30,30,1,,1,MASE,['WQL'],"[0.1, 0.2, 0.3, 0.4, 0.5, 0.6, 0.7, 0.8, 0.9]",id,timestamp,target,,[],[],[],monash_weather,0.7743481185036538,,112.99326409999048,3010,d31ba1dde0eb7cae,False,0.9.0,0.7743481185036538,0.12543343613121427,0.06546403740993081,0.10634901474900103,0.13397561403081618,0.1510798823044569,0.15880573201479978,0.15772493269743812,0.1467198326898402,0.12418813734213545,0.08459374194250997,chronos2_w8a8_torchao_dyn_full,cb21a8550d7e18fe833778afd6c7a699317ecc1b+dirty,NVIDIA RTX 2000 Ada Generation Laptop GPU,3748.0,126.176,0.023480066445182725,0.7924695459579181,0.5562126245847177,0.37224806201550387,0.18514950166112956,0.20737541528239203,0.6150406620517582,0.32950094534030805,0.5249918896641054,0.6554155442310744,0.7363511785236221,0.7743481185036482,0.7700859739813104,0.7183564107918798,0.6107931519844251,0.41552274544544965,1.367981700282981,0.7139532166666069,1.1598462938348422,1.4611430088434276,1.647682792148053,1.7319411952410666,1.7201539578549965,1.6001319295624012,1.3544004255655897,0.9225824828298456,1.7319411952410784,3.9049946410606746,0.810793778591542,0.15880573201480086,0.6255549314557346,0.5124120878469874
chronos2-w8a8-torchao-dyn,autogluon/chronos_datasets,monash_covid_deaths,30,1,-30,30,1,,1,MASE,['WQL'],"[0.1, 0.2, 0.3, 0.4, 0.5, 0.6, 0.7, 0.8, 0.9]",id,timestamp,target,,[],[],[],monash_covid_deaths,35.580285863871424,,1.8921246000099927,266,3393dd1ef2c52f4c,False,0.9.0,35.580285863871424,0.04092016906660905,0.0218323493692135,0.03250677920011677,0.04072165341299366,0.04645496585802935,0.048115551137587906,0.05028535791394338,0.04927384339214463,0.04480845062542259,0.03428257069002969,chronos2_w8a8_torchao_dyn_full,cb21a8550d7e18fe833778afd6c7a699317ecc1b+dirty,NVIDIA RTX 2000 Ada Generation Laptop GPU,233.6,3.715,0.10961779448621557,0.6773182957393483,0.42857142857142855,0.28596491228070176,0.16967418546365914,0.5310776942355889,31.323070730216184,12.03238626602454,19.439452103400516,25.68832850097078,31.13233025635421,35.5802858638714,38.997101140930184,41.16060850027252,40.835385627532865,37.04175831258863,108.75652285947548,58.02542993856903,86.39564194885632,108.22891330377588,123.46675665124742,127.88021546717856,133.64706945766977,130.95869341421727,119.09069282702454,91.11529272674058,127.88021546717847,692.6981699696214,30.85465750724957,0.04811555113758787,0.37298217954889473,0.0961423926792162
chronos2-w8a8-torchao-dyn,autogluon/chronos_datasets,monash_fred_md,12,1,-12,12,1,,12,MASE,['WQL'],"[0.1, 0.2, 0.3, 0.4, 0.5, 0.6, 0.7, 0.8, 0.9]",id,timestamp,target,,[],[],[],monash_fred_md,0.47524246107825713,,0.5427711000083946,107,a428426a1a648ad5,False,0.9.0,0.47524246107825713,0.021948014392008382,0.022184331101479535,0.028537550337991022,0.03157656631320496,0.03006701714533258,0.024459304055942533,0.018324706814718154,0.0148514993917123,0.014627890446794129,0.012903263920900208,chronos2_w8a8_torchao_dyn_full,cb21a8550d7e18fe833778afd6c7a699317ecc1b+dirty,NVIDIA RTX 2000 Ada Generation Laptop GPU,398.2,1.931,0.06152647975077881,0.8722741433021807,0.6713395638629284,0.4462616822429907,0.2562305295950156,0.39797507788161995,0.3854664230982936,0.23218823249963744,0.3455644047067512,0.4231239997343871,0.46587235497079266,0.47524246107825674,0.4805965966370268,0.42739767174061566,0.3677037769560999,0.2515083095610747,967.092339733874,977.5051304036251,1257.4461558896178,1391.3538988619575,1324.8388414801568,1077.7469508283466,807.4390362544955,654.3995752306854,644.5467250427852,568.5547436131961,1077.7469508283489,9000.014215470428,0.4790491219067976,0.024459304055942585,0.10348604539992162,0.2710731405966071
